filename,num_events,ssc_gate_events,live_gate_events,pct_foxa2,pct_otx2,pct_apcdd1,pct_double_foxa2_otx2,pct_foxa2_otx2_in_apcdd1_pos,pct_foxa2_otx2_in_apcdd1_neg,pct_apcdd1_in_foxas_otx2_pos,pct_apcdd1_in_foxas_otx2_neg,pct_foxa2_in_apcdd1,pct_otx2_in_apcdd1,pct_foxa2_in_apcdd1_neg,pct_otx2_in_apcdd1_neg,pct_triple,mfi_apcdd1,folder
fcs_files/210609 clinical FACS/AR24_CNUR_cVM + FGF17.fcs,40646,35623,33138,51.20707345041946,70.85822922324823,72.33085883275997,50.72424407025168,51.50402603362677,48.68578907187261,73.44279850080314,26.557201499196857,51.741833201218235,69.8861028828904,49.809139491765734,73.39949830952122,37.25330436357052,71.9304142309902,210609 clinical FACS
fcs_files/210609 clinical FACS/AR24_CNUR_cVM + FGF8.fcs,43300,38461,36693,36.69637260512905,59.99509443218053,40.996920393535554,35.80246913580247,32.207671342152494,38.300230946882216,36.880566339346885,63.119433660653115,32.80595625872499,57.800970551086884,39.39953810623557,61.519630484988454,13.204153380753821,74.65284792487677,210609 clinical FACS
fcs_files/210609 clinical FACS/AR25_CNUR_cVM + FGF17.fcs,41780,37817,34279,83.38341258496456,92.69523615041278,98.47720178534964,83.20254383150034,84.34102556506798,9.578544061302683,99.82469057887171,0.17530942112829143,84.51580412951388,92.72447196137098,10.153256704980842,90.80459770114942,83.05668193354532,65.52191882767701,210609 clinical FACS
fcs_files/210609 clinical FACS/AR25_CNUR_cVM + FGF8.fcs,125576,115219,34408,83.47186700767263,95.83817716810044,92.53952569169961,83.19286212508719,88.10024810778556,22.321776392676277,97.99825327510916,2.00174672489083,88.31380923965956,96.14333720674601,23.41254382547721,92.05298013245033,81.52755173215532,57.06336789242898,210609 clinical FACS
fcs_files/210609 clinical FACS/AR26_CNUR_cVM + FGF17.fcs,143203,124715,35961,87.44195100247491,92.9479157976697,96.07074330524735,87.06932510219404,88.97186523098298,40.552016985138,98.16997221423782,1.830027785762192,89.20342711589673,93.15734630079889,44.37367303609342,87.8273177636235,85.47593225994828,65.89974588735792,210609 clinical FACS
fcs_files/210609 clinical FACS/AR26_CNUR_cVM + FGF8.fcs,238110,206808,45803,84.83068794620439,92.85636312031963,80.51874331375673,84.153876383643,87.51084598698482,70.27905412977698,83.73070437151382,16.269295628486187,87.67353579175705,93.00162689804772,73.08080242071053,92.25596772385968,70.46263345195729,63.97756916313274,210609 clinical FACS
fcs_files/210609 clinical FACS/CR33_CNUR_cVM + FGF17.fcs,87760,80422,31520,83.28997461928934,97.26840101522842,93.08058375634518,83.0996192893401,87.86257200313575,19.02796882164145,98.41560722330394,1.5843927766960637,87.99550086915028,97.85268754899622,19.990829894543786,89.40852819807428,81.78299492385787,61.83557030830005,210609 clinical FACS
fcs_files/210609 clinical FACS/CR33_CNUR_cVM + FGF8.fcs,128386,117408,35695,76.2627819022272,94.96848298080963,86.42106737638325,75.92099733856283,82.73145746887967,32.57685166082113,94.17343173431735,5.826568265682657,82.92595954356847,95.41623443983403,33.85599339797813,92.11883639364555,71.49740860064435,59.405437290926926,210609 clinical FACS
fcs_files/210609 clinical FACS/Controls_FMO APCDD1.fcs,55703,49099,41029,81.75924346194155,90.79675351580589,0.012186502230129908,81.40827219771381,100.0,81.40600624024961,0.014969611688272804,99.98503038831173,100.0,100.0,81.75702028081123,90.79563182527302,0.012186502230129908,28.57611068884851,210609 clinical FACS
fcs_files/210609 clinical FACS/Controls_FMO APCDD1_001.fcs,14438,12833,10755,81.32961413296141,90.8321710832171,0.02789400278940028,80.8089260808926,100.0,80.80357142857143,0.03451846738004832,99.96548153261995,100.0,100.0,81.32440476190477,90.82961309523809,0.02789400278940028,28.316039924696128,210609 clinical FACS
fcs_files/210609 clinical FACS/Controls_FMO FOXA2.fcs,42100,37214,34149,30.74174939236874,0.0,42.745029137017184,0.0,0.0,0.0,0.0,0.0,27.78653147907104,0.0,32.948036006546644,0.0,0.0,75.47181078368762,210609 clinical FACS
"fcs_files/210609 clinical FACS/Controls_FMO L,2f,D.fcs",38092,33741,33708,35.95882283137534,61.139788774178236,41.441200901863056,35.22012578616352,31.505476412055266,37.84892851714879,37.070417789757414,62.929582210242586,32.08533180614217,58.27188775144963,38.7000354627894,63.169360149956944,13.0562477750089,73.8496377984561,210609 clinical FACS
fcs_files/210609 clinical FACS/Controls_FMO OTX2.fcs,115067,99627,43632,0.11001100110011,68.40392372570591,37.83920058672534,0.07104877154382105,0.10902483343428225,0.04793156846840204,58.06451612903226,41.935483870967744,0.19987886129618415,66.09327680193822,0.05530565592507927,69.8104859523634,0.041254125412541254,70.65758271527018,210609 clinical FACS
fcs_files/210609 clinical FACS/Controls_Fully unstained.fcs,37965,33711,33654,0.10697093956141915,0.011885659951268793,0.017828489926903193,0.0,0.0,0.0,0.0,0.0,100.0,0.0,0.0891583452211127,0.011887779362815026,0.0,27.824273078753652,210609 clinical FACS
"fcs_files/210609 clinical FACS/Controls_Unstain + L,2f,D.fcs",42057,37346,33687,0.07421260426870899,0.0059370083414967195,0.008905512512245079,0.0,0.0,0.0,0.0,0.0,100.0,0.0,0.06531290820567628,0.005937537109606935,0.0,28.21314745614218,210609 clinical FACS
fcs_files/210609 clinical FACS/Controls_dFB fully stained.fcs,57947,45812,29230,84.81012658227847,0.06158056790968183,0.5131713992473486,0.0376325692781389,0.0,0.03782668500687758,0.0,100.0,82.0,0.0,84.82462173314993,0.06189821182943604,0.0,30.421497132283175,210609 clinical FACS
fcs_files/211021 clinical FACS follow-up/Alison B1_rVM.fcs,34852,33065,27672,11.112315698178664,76.66594391442614,64.72969066204105,8.52124891587164,11.344350156319786,3.3401639344262297,86.17472434266328,13.825275657336725,13.086199196069673,78.61210361768647,7.489754098360655,73.09426229508198,7.343162763804568,207.03190932471577,211021 clinical FACS follow-up
fcs_files/211021 clinical FACS follow-up/Alison B2_cVM.fcs,24164,22932,19152,33.526524644945695,74.93734335839599,87.33291562238931,31.756474519632416,31.40619394953964,34.171475680131906,86.36961525813877,13.63038474186123,31.56761927537965,75.16441468372594,47.03215169002473,73.37180544105524,27.42794486215539,203.2955023892307,211021 clinical FACS follow-up
fcs_files/211021 clinical FACS follow-up/Alison B2_rVM.fcs,22992,21847,18121,9.927708183875064,78.04756911870206,63.24706142045141,7.466475360079467,10.45284006631184,2.3273273273273274,88.5439763488544,11.456023651145603,12.084460343774541,80.64741296570979,6.216216216216217,73.57357357357357,6.611114176921803,208.39168985901037,211021 clinical FACS follow-up
fcs_files/211021 clinical FACS follow-up/Batch for Tx_H9 cVM.fcs,35784,33890,29565,16.14408929477423,27.292406561812953,35.958058515136145,10.969051243023847,27.899539083811494,1.4629766557515582,91.45852605612089,8.541473943879124,38.350108174207506,61.91327250493839,3.675926903982254,7.853596704341396,10.032132589210214,153.57211734239797,211021 clinical FACS follow-up
fcs_files/211021 clinical FACS follow-up/Batch for Tx_H9 rVM.fcs,36773,34255,29404,26.799074955788328,76.76506597741803,71.4902734321861,23.683852537069786,31.07368821654536,5.153286412978647,93.79666858127513,6.203331418724871,33.95176252319109,84.76761333904192,8.863175474173923,56.69807944649886,22.21466467147327,227.54646578329863,211021 clinical FACS follow-up
fcs_files/211021 clinical FACS follow-up/Batch for Tx_LatVM.fcs,10737,9878,9044,62.35072976559045,92.30429013710747,91.29809818664307,59.60858027421495,64.36962577207218,9.6569250317662,98.59024299758858,1.4097570024114265,66.50115053893666,94.9618505510476,18.80559085133418,64.42185514612451,58.76824413976117,215.90042773501975,211021 clinical FACS follow-up
fcs_files/211021 clinical FACS follow-up/Batch for Tx_dMB+FGF8.fcs,11540,10998,9903,21.95294355245885,1.6459658689286074,26.396041603554476,1.6156720185802282,5.279265493496557,0.30182466730690083,86.25,13.750000000000002,64.19280795715379,5.3940321346595255,6.804774317464672,0.30182466730690083,1.393517116025447,138.41141204568981,211021 clinical FACS follow-up
fcs_files/211021 clinical FACS follow-up/Controls_FMO APCDD1.fcs,39824,37636,29630,42.618967262909216,87.00641241984475,0.0,40.54674316571043,0.0,40.54674316571043,0.0,100.0,0.0,0.0,42.618967262909216,87.00641241984475,0.0,32.17536906544523,211021 clinical FACS follow-up
fcs_files/211021 clinical FACS follow-up/Controls_FMO FOXA2.fcs,27774,26409,19568,38.813368765331155,0.0,86.5392477514309,0.0,0.0,0.0,0.0,0.0,37.0615330105114,0.0,50.075930144267275,0.0,0.0,202.2195967337499,211021 clinical FACS follow-up
"fcs_files/211021 clinical FACS follow-up/Controls_FMO L,2f,D.fcs",9402,8948,8946,37.51397272524033,83.55689693717862,88.16230717639169,36.049631120053654,35.67896538607836,38.81019830028329,87.25581395348837,12.744186046511627,35.78039812349436,84.11309750221884,50.42492917847026,79.41454202077432,31.455399061032864,208.47855644433284,211021 clinical FACS follow-up
fcs_files/211021 clinical FACS follow-up/Controls_FMO OTX2.fcs,41160,39119,29238,0.017101032902387302,79.92680757917779,86.9655927218004,0.013680826321909844,0.01573130923821135,0.0,100.0,0.0,0.01966413654776419,80.79207142014394,0.0,74.15376541590135,0.013680826321909844,203.2271584954408,211021 clinical FACS follow-up
fcs_files/211021 clinical FACS follow-up/Controls_Fully unstained.fcs,17418,16422,16411,0.03046736944732192,0.0,0.0060934738894643835,0.0,0.0,0.0,0.0,0.0,100.0,0.0,0.024375380865326018,0.0,0.0,32.22649199193641,211021 clinical FACS follow-up
"fcs_files/211021 clinical FACS follow-up/Controls_Unstain + L,2f,D.fcs",25578,24152,20152,0.03473600635172688,0.0,0.0,0.0,0.0,0.0,0.0,0.0,0.0,0.0,0.03473600635172688,0.0,0.0,31.291495343774056,211021 clinical FACS follow-up
fcs_files/211021 clinical FACS follow-up/Controls_dHB fully stained.fcs,34548,32204,28990,0.39323904794756814,0.055191445325974475,2.6181441876509144,0.010348395998620214,0.3952569169960474,0.0,100.0,0.0,7.7733860342556,0.6587615283267457,0.19482129573872692,0.038964259147745386,0.010348395998620214,69.86736266504137,211021 clinical FACS follow-up
