region,unique_batch_id,gene,expr_lvl,cell_line
dFB,2020-04-26,OTX2,2.44,RC17
dFB,2020-04-26,FOXG1,7167.55,RC17
dFB,2020-04-26,FEZF1,1.04,RC17
dFB,2020-04-26,PAX6,102.34,RC17
dFB,2020-04-26,LHX2,1060.55,RC17
dFB,2020-04-26,TBR1,93.63,RC17
dFB,2020-04-26,NKX2.1,2880.82,RC17
dFB,2020-04-26,SIX3,27.64,RC17
dFB,2020-04-26,SIX6,9.14,RC17
dFB,2020-04-26,PAX7,5.14,RC17
dFB,2020-04-26,GDF7,34.95,RC17
dFB,2020-04-26,PAX8,8.63,RC17
dFB,2020-04-26,PAX5,3.98,RC17
dFB,2020-04-26,FGF8,4.85,RC17
dFB,2020-04-26,CPE,6.14,RC17
dFB,2020-04-26,TFF3,41.56,RC17
dFB,2020-04-26,LMX1A,11.41,RC17
dFB,2020-04-26,FOXA1,1.04,RC17
dFB,2020-04-26,FOXA2,2.29,RC17
dFB,2020-04-26,EN1,11.41,RC17
dFB,2020-04-26,EN2,11.41,RC17
dFB,2020-04-26,SHH,22.69,RC17
dFB,2020-04-26,SERPINF1,3.32,RC17
dFB,2020-04-26,LGI1,1.46,RC17
dFB,2020-04-26,WNT1,5.3,RC17
dFB,2020-04-26,WNT3A,11.41,RC17
dFB,2020-04-26,PDGFC,15.75,RC17
dFB,2020-04-26,HOXA1,125.71,RC17
dFB,2020-04-26,HOXA2,9.76,RC17
dFB,2020-04-26,HOXA3,11.41,RC17
dFB,2020-04-26,HOXB1,7.76,RC17
dFB,2020-04-26,GBX2,4.6,RC17
dFB,2020-04-26,NKX6.1,2.74,RC17
dFB,2020-04-26,IRX3,2.27,RC17
dFB,2020-04-26,ALCAM,0.51,RC17
dFB,2020-04-26,APCDD1,4.8,RC17
dFB,2020-04-26,IAP,3.2,RC17
dFB,2020-04-26,CNTN2,16.03,RC17
dFB,2020-04-26,CORIN,1.58,RC17
dFB,2020-04-26,FOLR1,0.16,RC17
dFB,2020-04-26,LRTM1,2.76,RC17
dFB,2020-04-26,TPBG,0.51,RC17
dFB,2020-04-26,CD83,1.58,RC17
dFB,2020-04-26,SLC39A8,2.33,RC17
dFB,2020-04-26,SOX10,0.16,RC17
dFB,2020-04-26,ACTB,0.81,RC17
dFB,2020-04-26,GAPDH,1.3,RC17
dFB,2020-05-13,OTX2,2,RC17
dFB,2020-05-13,FOXG1,4539.06,RC17
dFB,2020-05-13,FEZF1,1.48,RC17
dFB,2020-05-13,PAX6,45.83,RC17
dFB,2020-05-13,LHX2,979.91,RC17
dFB,2020-05-13,TBR1,71.5,RC17
dFB,2020-05-13,NKX2.1,1358.86,RC17
dFB,2020-05-13,SIX3,14.37,RC17
dFB,2020-05-13,SIX6,0.59,RC17
dFB,2020-05-13,PAX7,0.58,RC17
dFB,2020-05-13,GDF7,2.55,RC17
dFB,2020-05-13,PAX8,0.55,RC17
dFB,2020-05-13,PAX5,0.26,RC17
dFB,2020-05-13,FGF8,0.4,RC17
dFB,2020-05-13,CPE,4.99,RC17
dFB,2020-05-13,TFF3,0.73,RC17
dFB,2020-05-13,LMX1A,0.73,RC17
dFB,2020-05-13,FOXA1,0.59,RC17
dFB,2020-05-13,FOXA2,0.15,RC17
dFB,2020-05-13,EN1,7.51,RC17
dFB,2020-05-13,EN2,0.73,RC17
dFB,2020-05-13,SHH,9.78,RC17
dFB,2020-05-13,SERPINF1,2.21,RC17
dFB,2020-05-13,LGI1,1.64,RC17
dFB,2020-05-13,WNT1,2.47,RC17
dFB,2020-05-13,WNT3A,0.73,RC17
dFB,2020-05-13,PDGFC,11.7,RC17
dFB,2020-05-13,HOXA1,3.67,RC17
dFB,2020-05-13,HOXA2,0.77,RC17
dFB,2020-05-13,HOXA3,0.73,RC17
dFB,2020-05-13,HOXB1,0.5,RC17
dFB,2020-05-13,GBX2,1.33,RC17
dFB,2020-05-13,NKX6.1,2.09,RC17
dFB,2020-05-13,IRX3,0.15,RC17
dFB,2020-05-13,ALCAM,0.54,RC17
dFB,2020-05-13,APCDD1,1.84,RC17
dFB,2020-05-13,IAP,2.19,RC17
dFB,2020-05-13,CNTN2,7.05,RC17
dFB,2020-05-13,CORIN,1.39,RC17
dFB,2020-05-13,FOLR1,0.39,RC17
dFB,2020-05-13,LRTM1,0.18,RC17
dFB,2020-05-13,TPBG,0.55,RC17
dFB,2020-05-13,CD83,1.47,RC17
dFB,2020-05-13,SLC39A8,1.98,RC17
dFB,2020-05-13,SOX10,0.01,RC17
dFB,2020-05-13,ACTB,0.87,RC17
dFB,2020-05-13,GAPDH,1.18,RC17
dFB,2020-06-08,OTX2,2.86,RC17
dFB,2020-06-08,FOXG1,5574.08,RC17
dFB,2020-06-08,FEZF1,1.26,RC17
dFB,2020-06-08,PAX6,77.68,RC17
dFB,2020-06-08,LHX2,924.71,RC17
dFB,2020-06-08,TBR1,33.62,RC17
dFB,2020-06-08,NKX2.1,4638.74,RC17
dFB,2020-06-08,SIX3,18.52,RC17
dFB,2020-06-08,SIX6,0.5,RC17
dFB,2020-06-08,PAX7,4.24,RC17
dFB,2020-06-08,GDF7,1.32,RC17
dFB,2020-06-08,PAX8,0.62,RC17
dFB,2020-06-08,PAX5,0.42,RC17
dFB,2020-06-08,FGF8,0.34,RC17
dFB,2020-06-08,CPE,5.29,RC17
dFB,2020-06-08,TFF3,1.16,RC17
dFB,2020-06-08,LMX1A,0.81,RC17
dFB,2020-06-08,FOXA1,0.49,RC17
dFB,2020-06-08,FOXA2,0.16,RC17
dFB,2020-06-08,EN1,1.48,RC17
dFB,2020-06-08,EN2,1.6,RC17
dFB,2020-06-08,SHH,72.31,RC17
dFB,2020-06-08,SERPINF1,2.48,RC17
dFB,2020-06-08,LGI1,0.56,RC17
dFB,2020-06-08,WNT1,2.16,RC17
dFB,2020-06-08,WNT3A,0.81,RC17
dFB,2020-06-08,PDGFC,13.64,RC17
dFB,2020-06-08,HOXA1,7.79,RC17
dFB,2020-06-08,HOXA2,0.74,RC17
dFB,2020-06-08,HOXA3,0.81,RC17
dFB,2020-06-08,HOXB1,0.55,RC17
dFB,2020-06-08,GBX2,1.75,RC17
dFB,2020-06-08,NKX6.1,1.77,RC17
dFB,2020-06-08,IRX3,0.16,RC17
dFB,2020-06-08,ALCAM,0.66,RC17
dFB,2020-06-08,APCDD1,4.92,RC17
dFB,2020-06-08,IAP,2.98,RC17
dFB,2020-06-08,CNTN2,4.3,RC17
dFB,2020-06-08,CORIN,1.85,RC17
dFB,2020-06-08,FOLR1,0.24,RC17
dFB,2020-06-08,LRTM1,0.2,RC17
dFB,2020-06-08,TPBG,0.51,RC17
dFB,2020-06-08,CD83,1.52,RC17
dFB,2020-06-08,SLC39A8,2.48,RC17
dFB,2020-06-08,SOX10,0.07,RC17
dFB,2020-06-08,ACTB,0.73,RC17
dFB,2020-06-08,GAPDH,1.57,RC17
dFB,2020-06-23,OTX2,1.22,RC17
dFB,2020-06-23,FOXG1,2725.92,RC17
dFB,2020-06-23,FEZF1,0.73,RC17
dFB,2020-06-23,PAX6,326.86,RC17
dFB,2020-06-23,LHX2,1454.05,RC17
dFB,2020-06-23,TBR1,47.15,RC17
dFB,2020-06-23,NKX2.1,184.51,RC17
dFB,2020-06-23,SIX3,26.71,RC17
dFB,2020-06-23,SIX6,246,RC17
dFB,2020-06-23,PAX7,5.95,RC17
dFB,2020-06-23,GDF7,14.7,RC17
dFB,2020-06-23,PAX8,1.39,RC17
dFB,2020-06-23,PAX5,0.36,RC17
dFB,2020-06-23,FGF8,1.19,RC17
dFB,2020-06-23,CPE,6.44,RC17
dFB,2020-06-23,TFF3,1.04,RC17
dFB,2020-06-23,LMX1A,2.63,RC17
dFB,2020-06-23,FOXA1,0.35,RC17
dFB,2020-06-23,FOXA2,0.21,RC17
dFB,2020-06-23,EN1,4.65,RC17
dFB,2020-06-23,EN2,2.42,RC17
dFB,2020-06-23,SHH,2.38,RC17
dFB,2020-06-23,SERPINF1,3.19,RC17
dFB,2020-06-23,LGI1,3.07,RC17
dFB,2020-06-23,WNT1,6.78,RC17
dFB,2020-06-23,WNT3A,2.67,RC17
dFB,2020-06-23,PDGFC,31.72,RC17
dFB,2020-06-23,HOXA1,6.49,RC17
dFB,2020-06-23,HOXA2,0.58,RC17
dFB,2020-06-23,HOXA3,1.04,RC17
dFB,2020-06-23,HOXB1,0.71,RC17
dFB,2020-06-23,GBX2,2.54,RC17
dFB,2020-06-23,NKX6.1,1.55,RC17
dFB,2020-06-23,IRX3,0.34,RC17
dFB,2020-06-23,ALCAM,0.93,RC17
dFB,2020-06-23,APCDD1,4.35,RC17
dFB,2020-06-23,IAP,2.4,RC17
dFB,2020-06-23,CNTN2,6.72,RC17
dFB,2020-06-23,CORIN,1.51,RC17
dFB,2020-06-23,FOLR1,1.74,RC17
dFB,2020-06-23,LRTM1,1.07,RC17
dFB,2020-06-23,TPBG,1.07,RC17
dFB,2020-06-23,CD83,1.01,RC17
dFB,2020-06-23,SLC39A8,1.92,RC17
dFB,2020-06-23,SOX10,0.08,RC17
dFB,2020-06-23,ACTB,0.76,RC17
dFB,2020-06-23,GAPDH,1.45,RC17
dFB,2020-08-17,OTX2,3.14,RC17
dFB,2020-08-17,FOXG1,5870.42,RC17
dFB,2020-08-17,FEZF1,0.69,RC17
dFB,2020-08-17,PAX6,26.52,RC17
dFB,2020-08-17,LHX2,658.29,RC17
dFB,2020-08-17,TBR1,23.04,RC17
dFB,2020-08-17,NKX2.1,8775.4,RC17
dFB,2020-08-17,SIX3,12.47,RC17
dFB,2020-08-17,SIX6,0.4,RC17
dFB,2020-08-17,PAX7,2.91,RC17
dFB,2020-08-17,GDF7,27.18,RC17
dFB,2020-08-17,PAX8,0.99,RC17
dFB,2020-08-17,PAX5,0.31,RC17
dFB,2020-08-17,FGF8,0.33,RC17
dFB,2020-08-17,CPE,8.25,RC17
dFB,2020-08-17,TFF3,0.88,RC17
dFB,2020-08-17,LMX1A,0.88,RC17
dFB,2020-08-17,FOXA1,0.57,RC17
dFB,2020-08-17,FOXA2,0.18,RC17
dFB,2020-08-17,EN1,1.97,RC17
dFB,2020-08-17,EN2,6.12,RC17
dFB,2020-08-17,SHH,74.33,RC17
dFB,2020-08-17,SERPINF1,2.82,RC17
dFB,2020-08-17,LGI1,0.93,RC17
dFB,2020-08-17,WNT1,0.57,RC17
dFB,2020-08-17,WNT3A,1.08,RC17
dFB,2020-08-17,PDGFC,9.48,RC17
dFB,2020-08-17,HOXA1,0.53,RC17
dFB,2020-08-17,HOXA2,0.71,RC17
dFB,2020-08-17,HOXA3,0.88,RC17
dFB,2020-08-17,HOXB1,0.6,RC17
dFB,2020-08-17,GBX2,6.45,RC17
dFB,2020-08-17,NKX6.1,1.22,RC17
dFB,2020-08-17,IRX3,0.23,RC17
dFB,2020-08-17,ALCAM,0.41,RC17
dFB,2020-08-17,APCDD1,4.79,RC17
dFB,2020-08-17,IAP,4.42,RC17
dFB,2020-08-17,CNTN2,4.85,RC17
dFB,2020-08-17,CORIN,2.33,RC17
dFB,2020-08-17,FOLR1,0.09,RC17
dFB,2020-08-17,LRTM1,0.21,RC17
dFB,2020-08-17,TPBG,0.47,RC17
dFB,2020-08-17,CD83,1.7,RC17
dFB,2020-08-17,SLC39A8,2.51,RC17
dFB,2020-08-17,SOX10,0.1,RC17
dFB,2020-08-17,ACTB,0.76,RC17
dFB,2020-08-17,GAPDH,1.45,RC17
dFB,2020-09-07,OTX2,3.27,RC17
dFB,2020-09-07,FOXG1,5003.79,RC17
dFB,2020-09-07,FEZF1,0.69,RC17
dFB,2020-09-07,PAX6,1.32,RC17
dFB,2020-09-07,LHX2,683.66,RC17
dFB,2020-09-07,TBR1,43.28,RC17
dFB,2020-09-07,NKX2.1,9113.6,RC17
dFB,2020-09-07,SIX3,12.34,RC17
dFB,2020-09-07,SIX6,0.34,RC17
dFB,2020-09-07,PAX7,0.34,RC17
dFB,2020-09-07,GDF7,17.43,RC17
dFB,2020-09-07,PAX8,0.99,RC17
dFB,2020-09-07,PAX5,0.7,RC17
dFB,2020-09-07,FGF8,0.48,RC17
dFB,2020-09-07,CPE,8.84,RC17
dFB,2020-09-07,TFF3,1.66,RC17
dFB,2020-09-07,LMX1A,1.3,RC17
dFB,2020-09-07,FOXA1,0.65,RC17
dFB,2020-09-07,FOXA2,0.26,RC17
dFB,2020-09-07,EN1,1.3,RC17
dFB,2020-09-07,EN2,1.3,RC17
dFB,2020-09-07,SHH,186.82,RC17
dFB,2020-09-07,SERPINF1,1.58,RC17
dFB,2020-09-07,LGI1,0.21,RC17
dFB,2020-09-07,WNT1,0.85,RC17
dFB,2020-09-07,WNT3A,1.3,RC17
dFB,2020-09-07,PDGFC,1.77,RC17
dFB,2020-09-07,HOXA1,0.79,RC17
dFB,2020-09-07,HOXA2,1,RC17
dFB,2020-09-07,HOXA3,1.3,RC17
dFB,2020-09-07,HOXB1,0.89,RC17
dFB,2020-09-07,GBX2,3.64,RC17
dFB,2020-09-07,NKX6.1,1.73,RC17
dFB,2020-09-07,IRX3,0.43,RC17
dFB,2020-09-07,ALCAM,0.27,RC17
dFB,2020-09-07,APCDD1,3.89,RC17
dFB,2020-09-07,IAP,2.36,RC17
dFB,2020-09-07,CNTN2,4.72,RC17
dFB,2020-09-07,CORIN,2.46,RC17
dFB,2020-09-07,FOLR1,0.02,RC17
dFB,2020-09-07,LRTM1,0.69,RC17
dFB,2020-09-07,TPBG,0.29,RC17
dFB,2020-09-07,CD83,2.21,RC17
dFB,2020-09-07,SLC39A8,1.92,RC17
dFB,2020-09-07,SOX10,0.08,RC17
dFB,2020-09-07,ACTB,0.87,RC17
dFB,2020-09-07,GAPDH,1.17,RC17
dFB,2020-09-14,OTX2,4.39,RC17
dFB,2020-09-14,FOXG1,6468.96,RC17
dFB,2020-09-14,FEZF1,0.81,RC17
dFB,2020-09-14,PAX6,2.01,RC17
dFB,2020-09-14,LHX2,725.41,RC17
dFB,2020-09-14,TBR1,78.3,RC17
dFB,2020-09-14,NKX2.1,12113.42,RC17
dFB,2020-09-14,SIX3,18.01,RC17
dFB,2020-09-14,SIX6,2.31,RC17
dFB,2020-09-14,PAX7,1.34,RC17
dFB,2020-09-14,GDF7,48.15,RC17
dFB,2020-09-14,PAX8,3.84,RC17
dFB,2020-09-14,PAX5,1.77,RC17
dFB,2020-09-14,FGF8,2.52,RC17
dFB,2020-09-14,CPE,11.67,RC17
dFB,2020-09-14,TFF3,13.64,RC17
dFB,2020-09-14,LMX1A,5.08,RC17
dFB,2020-09-14,FOXA1,1.66,RC17
dFB,2020-09-14,FOXA2,1.02,RC17
dFB,2020-09-14,EN1,5.08,RC17
dFB,2020-09-14,EN2,5.08,RC17
dFB,2020-09-14,SHH,91.84,RC17
dFB,2020-09-14,SERPINF1,2.32,RC17
dFB,2020-09-14,LGI1,0.99,RC17
dFB,2020-09-14,WNT1,15.75,RC17
dFB,2020-09-14,WNT3A,5.08,RC17
dFB,2020-09-14,PDGFC,2.97,RC17
dFB,2020-09-14,HOXA1,22.02,RC17
dFB,2020-09-14,HOXA2,3.63,RC17
dFB,2020-09-14,HOXA3,5.08,RC17
dFB,2020-09-14,HOXB1,3.45,RC17
dFB,2020-09-14,GBX2,10.05,RC17
dFB,2020-09-14,NKX6.1,3.41,RC17
dFB,2020-09-14,IRX3,3.15,RC17
dFB,2020-09-14,ALCAM,0.35,RC17
dFB,2020-09-14,APCDD1,11.43,RC17
dFB,2020-09-14,IAP,2.38,RC17
dFB,2020-09-14,CNTN2,7.16,RC17
dFB,2020-09-14,CORIN,3.82,RC17
dFB,2020-09-14,FOLR1,0.07,RC17
dFB,2020-09-14,LRTM1,1.23,RC17
dFB,2020-09-14,TPBG,0.59,RC17
dFB,2020-09-14,CD83,2.78,RC17
dFB,2020-09-14,SLC39A8,2.87,RC17
dFB,2020-09-14,SOX10,0.54,RC17
dFB,2020-09-14,ACTB,0.86,RC17
dFB,2020-09-14,GAPDH,1.2,RC17
dFB,2020-09-28,OTX2,4.04,RC17
dFB,2020-09-28,FOXG1,5147.46,RC17
dFB,2020-09-28,FEZF1,0.65,RC17
dFB,2020-09-28,PAX6,3.11,RC17
dFB,2020-09-28,LHX2,684.06,RC17
dFB,2020-09-28,TBR1,70.34,RC17
dFB,2020-09-28,NKX2.1,12116.16,RC17
dFB,2020-09-28,SIX3,15.58,RC17
dFB,2020-09-28,SIX6,1.92,RC17
dFB,2020-09-28,PAX7,1.73,RC17
dFB,2020-09-28,GDF7,19.09,RC17
dFB,2020-09-28,PAX8,4.96,RC17
dFB,2020-09-28,PAX5,2.29,RC17
dFB,2020-09-28,FGF8,2.22,RC17
dFB,2020-09-28,CPE,11.63,RC17
dFB,2020-09-28,TFF3,6.56,RC17
dFB,2020-09-28,LMX1A,6.56,RC17
dFB,2020-09-28,FOXA1,0.78,RC17
dFB,2020-09-28,FOXA2,1.32,RC17
dFB,2020-09-28,EN1,6.56,RC17
dFB,2020-09-28,EN2,6.56,RC17
dFB,2020-09-28,SHH,86.6,RC17
dFB,2020-09-28,SERPINF1,2.4,RC17
dFB,2020-09-28,LGI1,0.6,RC17
dFB,2020-09-28,WNT1,2.22,RC17
dFB,2020-09-28,WNT3A,6.56,RC17
dFB,2020-09-28,PDGFC,2.03,RC17
dFB,2020-09-28,HOXA1,16.87,RC17
dFB,2020-09-28,HOXA2,3.65,RC17
dFB,2020-09-28,HOXA3,6.56,RC17
dFB,2020-09-28,HOXB1,4.46,RC17
dFB,2020-09-28,GBX2,10.23,RC17
dFB,2020-09-28,NKX6.1,2.45,RC17
dFB,2020-09-28,IRX3,1.31,RC17
dFB,2020-09-28,ALCAM,0.28,RC17
dFB,2020-09-28,APCDD1,12.08,RC17
dFB,2020-09-28,IAP,2.59,RC17
dFB,2020-09-28,CNTN2,7.08,RC17
dFB,2020-09-28,CORIN,4.41,RC17
dFB,2020-09-28,FOLR1,0.09,RC17
dFB,2020-09-28,LRTM1,1.59,RC17
dFB,2020-09-28,TPBG,0.31,RC17
dFB,2020-09-28,CD83,2.07,RC17
dFB,2020-09-28,SLC39A8,2.43,RC17
dFB,2020-09-28,SOX10,0.45,RC17
dFB,2020-09-28,ACTB,0.83,RC17
dFB,2020-09-28,GAPDH,1.26,RC17
vFB,2020-04-26,OTX2,1.31,RC17
vFB,2020-04-26,FOXG1,2523.06,RC17
vFB,2020-04-26,FEZF1,0.04,RC17
vFB,2020-04-26,PAX6,2.31,RC17
vFB,2020-04-26,LHX2,221.98,RC17
vFB,2020-04-26,TBR1,17.18,RC17
vFB,2020-04-26,NKX2.1,11198.06,RC17
vFB,2020-04-26,SIX3,89.74,RC17
vFB,2020-04-26,SIX6,83.63,RC17
vFB,2020-04-26,PAX7,11.84,RC17
vFB,2020-04-26,GDF7,65.62,RC17
vFB,2020-04-26,PAX8,14,RC17
vFB,2020-04-26,PAX5,6.46,RC17
vFB,2020-04-26,FGF8,7.3,RC17
vFB,2020-04-26,CPE,10.49,RC17
vFB,2020-04-26,TFF3,18.52,RC17
vFB,2020-04-26,LMX1A,18.52,RC17
vFB,2020-04-26,FOXA1,10.31,RC17
vFB,2020-04-26,FOXA2,34.08,RC17
vFB,2020-04-26,EN1,18.52,RC17
vFB,2020-04-26,EN2,18.52,RC17
vFB,2020-04-26,SHH,1307.53,RC17
vFB,2020-04-26,SERPINF1,1.85,RC17
vFB,2020-04-26,LGI1,3.34,RC17
vFB,2020-04-26,WNT1,6.27,RC17
vFB,2020-04-26,WNT3A,18.52,RC17
vFB,2020-04-26,PDGFC,15.09,RC17
vFB,2020-04-26,HOXA1,93.22,RC17
vFB,2020-04-26,HOXA2,10.31,RC17
vFB,2020-04-26,HOXA3,18.52,RC17
vFB,2020-04-26,HOXB1,12.59,RC17
vFB,2020-04-26,GBX2,3.8,RC17
vFB,2020-04-26,NKX6.1,3.21,RC17
vFB,2020-04-26,IRX3,3.69,RC17
vFB,2020-04-26,ALCAM,0.6,RC17
vFB,2020-04-26,APCDD1,6.62,RC17
vFB,2020-04-26,IAP,3.14,RC17
vFB,2020-04-26,CNTN2,14.94,RC17
vFB,2020-04-26,CORIN,23.28,RC17
vFB,2020-04-26,FOLR1,0.26,RC17
vFB,2020-04-26,LRTM1,4.49,RC17
vFB,2020-04-26,TPBG,0.23,RC17
vFB,2020-04-26,CD83,2.62,RC17
vFB,2020-04-26,SLC39A8,1.32,RC17
vFB,2020-04-26,SOX10,0.19,RC17
vFB,2020-04-26,ACTB,0.99,RC17
vFB,2020-04-26,GAPDH,1.01,RC17
vFB,2020-05-13,OTX2,3.09,RC17
vFB,2020-05-13,FOXG1,5478.05,RC17
vFB,2020-05-13,FEZF1,0.5,RC17
vFB,2020-05-13,PAX6,0.49,RC17
vFB,2020-05-13,LHX2,350.38,RC17
vFB,2020-05-13,TBR1,2.33,RC17
vFB,2020-05-13,NKX2.1,15765.09,RC17
vFB,2020-05-13,SIX3,26.56,RC17
vFB,2020-05-13,SIX6,8.31,RC17
vFB,2020-05-13,PAX7,0.18,RC17
vFB,2020-05-13,GDF7,1.9,RC17
vFB,2020-05-13,PAX8,0.53,RC17
vFB,2020-05-13,PAX5,0.24,RC17
vFB,2020-05-13,FGF8,0.63,RC17
vFB,2020-05-13,CPE,10.23,RC17
vFB,2020-05-13,TFF3,0.7,RC17
vFB,2020-05-13,LMX1A,0.7,RC17
vFB,2020-05-13,FOXA1,0.71,RC17
vFB,2020-05-13,FOXA2,0.14,RC17
vFB,2020-05-13,EN1,3.47,RC17
vFB,2020-05-13,EN2,0.7,RC17
vFB,2020-05-13,SHH,727.15,RC17
vFB,2020-05-13,SERPINF1,1.53,RC17
vFB,2020-05-13,LGI1,0.13,RC17
vFB,2020-05-13,WNT1,0.24,RC17
vFB,2020-05-13,WNT3A,0.7,RC17
vFB,2020-05-13,PDGFC,4.36,RC17
vFB,2020-05-13,HOXA1,4.65,RC17
vFB,2020-05-13,HOXA2,1.17,RC17
vFB,2020-05-13,HOXA3,0.7,RC17
vFB,2020-05-13,HOXB1,0.48,RC17
vFB,2020-05-13,GBX2,1.93,RC17
vFB,2020-05-13,NKX6.1,2.15,RC17
vFB,2020-05-13,IRX3,0.14,RC17
vFB,2020-05-13,ALCAM,0.46,RC17
vFB,2020-05-13,APCDD1,2.34,RC17
vFB,2020-05-13,IAP,2.19,RC17
vFB,2020-05-13,CNTN2,1.96,RC17
vFB,2020-05-13,CORIN,1.37,RC17
vFB,2020-05-13,FOLR1,0.09,RC17
vFB,2020-05-13,LRTM1,0.17,RC17
vFB,2020-05-13,TPBG,0.01,RC17
vFB,2020-05-13,CD83,1.79,RC17
vFB,2020-05-13,SLC39A8,1.66,RC17
vFB,2020-05-13,SOX10,0.16,RC17
vFB,2020-05-13,ACTB,0.96,RC17
vFB,2020-05-13,GAPDH,1.04,RC17
vFB,2020-06-08,OTX2,1.32,RC17
vFB,2020-06-08,FOXG1,2898.12,RC17
vFB,2020-06-08,FEZF1,0.05,RC17
vFB,2020-06-08,PAX6,0.39,RC17
vFB,2020-06-08,LHX2,189.92,RC17
vFB,2020-06-08,TBR1,1.29,RC17
vFB,2020-06-08,NKX2.1,11043.45,RC17
vFB,2020-06-08,SIX3,74.94,RC17
vFB,2020-06-08,SIX6,86.28,RC17
vFB,2020-06-08,PAX7,1.48,RC17
vFB,2020-06-08,GDF7,1.87,RC17
vFB,2020-06-08,PAX8,0.53,RC17
vFB,2020-06-08,PAX5,0.44,RC17
vFB,2020-06-08,FGF8,1.13,RC17
vFB,2020-06-08,CPE,10.42,RC17
vFB,2020-06-08,TFF3,0.71,RC17
vFB,2020-06-08,LMX1A,0.71,RC17
vFB,2020-06-08,FOXA1,1.18,RC17
vFB,2020-06-08,FOXA2,6.05,RC17
vFB,2020-06-08,EN1,0.71,RC17
vFB,2020-06-08,EN2,0.71,RC17
vFB,2020-06-08,SHH,2456.81,RC17
vFB,2020-06-08,SERPINF1,1.14,RC17
vFB,2020-06-08,LGI1,0.57,RC17
vFB,2020-06-08,WNT1,0.24,RC17
vFB,2020-06-08,WNT3A,0.71,RC17
vFB,2020-06-08,PDGFC,6.87,RC17
vFB,2020-06-08,HOXA1,6.67,RC17
vFB,2020-06-08,HOXA2,0.39,RC17
vFB,2020-06-08,HOXA3,0.71,RC17
vFB,2020-06-08,HOXB1,0.48,RC17
vFB,2020-06-08,GBX2,0.77,RC17
vFB,2020-06-08,NKX6.1,1.81,RC17
vFB,2020-06-08,IRX3,0.28,RC17
vFB,2020-06-08,ALCAM,0.28,RC17
vFB,2020-06-08,APCDD1,2.22,RC17
vFB,2020-06-08,IAP,2.04,RC17
vFB,2020-06-08,CNTN2,7.95,RC17
vFB,2020-06-08,CORIN,3.46,RC17
vFB,2020-06-08,FOLR1,0.18,RC17
vFB,2020-06-08,LRTM1,0.9,RC17
vFB,2020-06-08,TPBG,0.22,RC17
vFB,2020-06-08,CD83,2.03,RC17
vFB,2020-06-08,SLC39A8,0.94,RC17
vFB,2020-06-08,SOX10,0.08,RC17
vFB,2020-06-08,ACTB,0.99,RC17
vFB,2020-06-08,GAPDH,1.01,RC17
vFB,2020-06-23,OTX2,2.64,RC17
vFB,2020-06-23,FOXG1,3022.67,RC17
vFB,2020-06-23,FEZF1,0.15,RC17
vFB,2020-06-23,PAX6,0.31,RC17
vFB,2020-06-23,LHX2,172.44,RC17
vFB,2020-06-23,TBR1,0.66,RC17
vFB,2020-06-23,NKX2.1,14988.91,RC17
vFB,2020-06-23,SIX3,34.85,RC17
vFB,2020-06-23,SIX6,10.72,RC17
vFB,2020-06-23,PAX7,0.26,RC17
vFB,2020-06-23,GDF7,1.69,RC17
vFB,2020-06-23,PAX8,0.27,RC17
vFB,2020-06-23,PAX5,0.13,RC17
vFB,2020-06-23,FGF8,0.8,RC17
vFB,2020-06-23,CPE,9.66,RC17
vFB,2020-06-23,TFF3,0.42,RC17
vFB,2020-06-23,LMX1A,0.56,RC17
vFB,2020-06-23,FOXA1,1.12,RC17
vFB,2020-06-23,FOXA2,2.06,RC17
vFB,2020-06-23,EN1,2.27,RC17
vFB,2020-06-23,EN2,0.36,RC17
vFB,2020-06-23,SHH,1134.84,RC17
vFB,2020-06-23,SERPINF1,1.71,RC17
vFB,2020-06-23,LGI1,1.72,RC17
vFB,2020-06-23,WNT1,2.75,RC17
vFB,2020-06-23,WNT3A,0.36,RC17
vFB,2020-06-23,PDGFC,15,RC17
vFB,2020-06-23,HOXA1,2.05,RC17
vFB,2020-06-23,HOXA2,0.34,RC17
vFB,2020-06-23,HOXA3,0.36,RC17
vFB,2020-06-23,HOXB1,0.24,RC17
vFB,2020-06-23,GBX2,0.9,RC17
vFB,2020-06-23,NKX6.1,1.5,RC17
vFB,2020-06-23,IRX3,0.07,RC17
vFB,2020-06-23,ALCAM,0.51,RC17
vFB,2020-06-23,APCDD1,1.99,RC17
vFB,2020-06-23,IAP,1.62,RC17
vFB,2020-06-23,CNTN2,3.55,RC17
vFB,2020-06-23,CORIN,4.13,RC17
vFB,2020-06-23,FOLR1,0.22,RC17
vFB,2020-06-23,LRTM1,0.2,RC17
vFB,2020-06-23,TPBG,0.22,RC17
vFB,2020-06-23,CD83,1.67,RC17
vFB,2020-06-23,SLC39A8,1.52,RC17
vFB,2020-06-23,SOX10,0.1,RC17
vFB,2020-06-23,ACTB,0.92,RC17
vFB,2020-06-23,GAPDH,1.1,RC17
vFB,2020-08-17,OTX2,3.65,RC17
vFB,2020-08-17,FOXG1,4620.99,RC17
vFB,2020-08-17,FEZF1,0.06,RC17
vFB,2020-08-17,PAX6,0.6,RC17
vFB,2020-08-17,LHX2,293.52,RC17
vFB,2020-08-17,TBR1,4.36,RC17
vFB,2020-08-17,NKX2.1,18483.98,RC17
vFB,2020-08-17,SIX3,76.41,RC17
vFB,2020-08-17,SIX6,34.15,RC17
vFB,2020-08-17,PAX7,1.99,RC17
vFB,2020-08-17,GDF7,22.46,RC17
vFB,2020-08-17,PAX8,1.83,RC17
vFB,2020-08-17,PAX5,1.11,RC17
vFB,2020-08-17,FGF8,2.14,RC17
vFB,2020-08-17,CPE,11.07,RC17
vFB,2020-08-17,TFF3,4.37,RC17
vFB,2020-08-17,LMX1A,2.42,RC17
vFB,2020-08-17,FOXA1,23.17,RC17
vFB,2020-08-17,FOXA2,79.84,RC17
vFB,2020-08-17,EN1,2.42,RC17
vFB,2020-08-17,EN2,2.87,RC17
vFB,2020-08-17,SHH,1771.38,RC17
vFB,2020-08-17,SERPINF1,2.65,RC17
vFB,2020-08-17,LGI1,2.18,RC17
vFB,2020-08-17,WNT1,0.82,RC17
vFB,2020-08-17,WNT3A,2.42,RC17
vFB,2020-08-17,PDGFC,9.41,RC17
vFB,2020-08-17,HOXA1,3,RC17
vFB,2020-08-17,HOXA2,1.35,RC17
vFB,2020-08-17,HOXA3,2.42,RC17
vFB,2020-08-17,HOXB1,1.64,RC17
vFB,2020-08-17,GBX2,3.86,RC17
vFB,2020-08-17,NKX6.1,2.35,RC17
vFB,2020-08-17,IRX3,0.48,RC17
vFB,2020-08-17,ALCAM,0.7,RC17
vFB,2020-08-17,APCDD1,3.63,RC17
vFB,2020-08-17,IAP,3.65,RC17
vFB,2020-08-17,CNTN2,5.44,RC17
vFB,2020-08-17,CORIN,69.5,RC17
vFB,2020-08-17,FOLR1,0.04,RC17
vFB,2020-08-17,LRTM1,0.59,RC17
vFB,2020-08-17,TPBG,0.36,RC17
vFB,2020-08-17,CD83,2.68,RC17
vFB,2020-08-17,SLC39A8,1.46,RC17
vFB,2020-08-17,SOX10,0.71,RC17
vFB,2020-08-17,ACTB,0.85,RC17
vFB,2020-08-17,GAPDH,1.22,RC17
vFB,2020-09-07,OTX2,1.34,RC17
vFB,2020-09-07,FOXG1,1216.7,RC17
vFB,2020-09-07,FEZF1,0.02,RC17
vFB,2020-09-07,PAX6,0.22,RC17
vFB,2020-09-07,LHX2,91.91,RC17
vFB,2020-09-07,TBR1,1.93,RC17
vFB,2020-09-07,NKX2.1,5991.75,RC17
vFB,2020-09-07,SIX3,32.34,RC17
vFB,2020-09-07,SIX6,33.8,RC17
vFB,2020-09-07,PAX7,0.7,RC17
vFB,2020-09-07,GDF7,17.49,RC17
vFB,2020-09-07,PAX8,0.83,RC17
vFB,2020-09-07,PAX5,0.38,RC17
vFB,2020-09-07,FGF8,0.88,RC17
vFB,2020-09-07,CPE,7.77,RC17
vFB,2020-09-07,TFF3,1.1,RC17
vFB,2020-09-07,LMX1A,1.98,RC17
vFB,2020-09-07,FOXA1,8.66,RC17
vFB,2020-09-07,FOXA2,36.85,RC17
vFB,2020-09-07,EN1,1.1,RC17
vFB,2020-09-07,EN2,1.1,RC17
vFB,2020-09-07,SHH,770.92,RC17
vFB,2020-09-07,SERPINF1,1.16,RC17
vFB,2020-09-07,LGI1,1.73,RC17
vFB,2020-09-07,WNT1,0.37,RC17
vFB,2020-09-07,WNT3A,1.1,RC17
vFB,2020-09-07,PDGFC,4.57,RC17
vFB,2020-09-07,HOXA1,0.66,RC17
vFB,2020-09-07,HOXA2,0.61,RC17
vFB,2020-09-07,HOXA3,1.1,RC17
vFB,2020-09-07,HOXB1,0.99,RC17
vFB,2020-09-07,GBX2,0.32,RC17
vFB,2020-09-07,NKX6.1,2.24,RC17
vFB,2020-09-07,IRX3,0.22,RC17
vFB,2020-09-07,ALCAM,0.23,RC17
vFB,2020-09-07,APCDD1,2.78,RC17
vFB,2020-09-07,IAP,1.58,RC17
vFB,2020-09-07,CNTN2,2.77,RC17
vFB,2020-09-07,CORIN,30.35,RC17
vFB,2020-09-07,FOLR1,0.22,RC17
vFB,2020-09-07,LRTM1,0.27,RC17
vFB,2020-09-07,TPBG,0.21,RC17
vFB,2020-09-07,CD83,1.88,RC17
vFB,2020-09-07,SLC39A8,1.15,RC17
vFB,2020-09-07,SOX10,0.01,RC17
vFB,2020-09-07,ACTB,0.84,RC17
vFB,2020-09-07,GAPDH,1.23,RC17
dMB,2020-06-23,OTX2,0.86,RC17
dMB,2020-06-23,FOXG1,0.11,RC17
dMB,2020-06-23,FEZF1,0,RC17
dMB,2020-06-23,PAX6,0.65,RC17
dMB,2020-06-23,LHX2,0.81,RC17
dMB,2020-06-23,TBR1,1.04,RC17
dMB,2020-06-23,NKX2.1,1.12,RC17
dMB,2020-06-23,SIX3,0.13,RC17
dMB,2020-06-23,SIX6,0.63,RC17
dMB,2020-06-23,PAX7,444.79,RC17
dMB,2020-06-23,GDF7,38.24,RC17
dMB,2020-06-23,PAX8,430.13,RC17
dMB,2020-06-23,PAX5,17.25,RC17
dMB,2020-06-23,FGF8,0.71,RC17
dMB,2020-06-23,CPE,5.91,RC17
dMB,2020-06-23,TFF3,1.12,RC17
dMB,2020-06-23,LMX1A,18.21,RC17
dMB,2020-06-23,FOXA1,9.23,RC17
dMB,2020-06-23,FOXA2,11.25,RC17
dMB,2020-06-23,EN1,2057.92,RC17
dMB,2020-06-23,EN2,149.29,RC17
dMB,2020-06-23,SHH,8.13,RC17
dMB,2020-06-23,SERPINF1,1.49,RC17
dMB,2020-06-23,LGI1,101.62,RC17
dMB,2020-06-23,WNT1,300.31,RC17
dMB,2020-06-23,WNT3A,36.94,RC17
dMB,2020-06-23,PDGFC,18.15,RC17
dMB,2020-06-23,HOXA1,22.14,RC17
dMB,2020-06-23,HOXA2,64.09,RC17
dMB,2020-06-23,HOXA3,1.12,RC17
dMB,2020-06-23,HOXB1,0.76,RC17
dMB,2020-06-23,GBX2,15.75,RC17
dMB,2020-06-23,NKX6.1,5.27,RC17
dMB,2020-06-23,IRX3,19.34,RC17
dMB,2020-06-23,ALCAM,0.51,RC17
dMB,2020-06-23,APCDD1,7.1,RC17
dMB,2020-06-23,IAP,2.94,RC17
dMB,2020-06-23,CNTN2,5.55,RC17
dMB,2020-06-23,CORIN,9.4,RC17
dMB,2020-06-23,FOLR1,0.05,RC17
dMB,2020-06-23,LRTM1,2.67,RC17
dMB,2020-06-23,TPBG,7.9,RC17
dMB,2020-06-23,CD83,0.4,RC17
dMB,2020-06-23,SLC39A8,1.46,RC17
dMB,2020-06-23,SOX10,0.2,RC17
dMB,2020-06-23,ACTB,0.77,RC17
dMB,2020-06-23,GAPDH,1.41,RC17
dMB,2020-08-17,OTX2,0.43,RC17
dMB,2020-08-17,FOXG1,0.18,RC17
dMB,2020-08-17,FEZF1,0,RC17
dMB,2020-08-17,PAX6,4.86,RC17
dMB,2020-08-17,LHX2,0.52,RC17
dMB,2020-08-17,TBR1,20.43,RC17
dMB,2020-08-17,NKX2.1,2.57,RC17
dMB,2020-08-17,SIX3,0.3,RC17
dMB,2020-08-17,SIX6,0.99,RC17
dMB,2020-08-17,PAX7,920.17,RC17
dMB,2020-08-17,GDF7,100.83,RC17
dMB,2020-08-17,PAX8,1804.55,RC17
dMB,2020-08-17,PAX5,51.89,RC17
dMB,2020-08-17,FGF8,2.29,RC17
dMB,2020-08-17,CPE,11.24,RC17
dMB,2020-08-17,TFF3,2.57,RC17
dMB,2020-08-17,LMX1A,69.83,RC17
dMB,2020-08-17,FOXA1,17.52,RC17
dMB,2020-08-17,FOXA2,19.78,RC17
dMB,2020-08-17,EN1,4823.15,RC17
dMB,2020-08-17,EN2,776.46,RC17
dMB,2020-08-17,SHH,6.16,RC17
dMB,2020-08-17,SERPINF1,1.45,RC17
dMB,2020-08-17,LGI1,115.42,RC17
dMB,2020-08-17,WNT1,297.98,RC17
dMB,2020-08-17,WNT3A,10.45,RC17
dMB,2020-08-17,PDGFC,14.83,RC17
dMB,2020-08-17,HOXA1,13.25,RC17
dMB,2020-08-17,HOXA2,108.82,RC17
dMB,2020-08-17,HOXA3,2.57,RC17
dMB,2020-08-17,HOXB1,1.75,RC17
dMB,2020-08-17,GBX2,128.07,RC17
dMB,2020-08-17,NKX6.1,5.47,RC17
dMB,2020-08-17,IRX3,40.71,RC17
dMB,2020-08-17,ALCAM,0.56,RC17
dMB,2020-08-17,APCDD1,8.52,RC17
dMB,2020-08-17,IAP,4.11,RC17
dMB,2020-08-17,CNTN2,2.36,RC17
dMB,2020-08-17,CORIN,12.65,RC17
dMB,2020-08-17,FOLR1,0.04,RC17
dMB,2020-08-17,LRTM1,0.62,RC17
dMB,2020-08-17,TPBG,6.41,RC17
dMB,2020-08-17,CD83,0.95,RC17
dMB,2020-08-17,SLC39A8,2.11,RC17
dMB,2020-08-17,SOX10,0.34,RC17
dMB,2020-08-17,ACTB,0.7,RC17
dMB,2020-08-17,GAPDH,1.76,RC17
dMB,2020-09-07,OTX2,0.22,RC17
dMB,2020-09-07,FOXG1,2.1,RC17
dMB,2020-09-07,FEZF1,0,RC17
dMB,2020-09-07,PAX6,7.7,RC17
dMB,2020-09-07,LHX2,2.02,RC17
dMB,2020-09-07,TBR1,6.78,RC17
dMB,2020-09-07,NKX2.1,2.84,RC17
dMB,2020-09-07,SIX3,0.55,RC17
dMB,2020-09-07,SIX6,0.42,RC17
dMB,2020-09-07,PAX7,535.42,RC17
dMB,2020-09-07,GDF7,80.7,RC17
dMB,2020-09-07,PAX8,274.6,RC17
dMB,2020-09-07,PAX5,8.2,RC17
dMB,2020-09-07,FGF8,0.66,RC17
dMB,2020-09-07,CPE,11.51,RC17
dMB,2020-09-07,TFF3,5.54,RC17
dMB,2020-09-07,LMX1A,212.97,RC17
dMB,2020-09-07,FOXA1,60.32,RC17
dMB,2020-09-07,FOXA2,82.68,RC17
dMB,2020-09-07,EN1,1763.86,RC17
dMB,2020-09-07,EN2,25.71,RC17
dMB,2020-09-07,SHH,17.46,RC17
dMB,2020-09-07,SERPINF1,1.24,RC17
dMB,2020-09-07,LGI1,73.75,RC17
dMB,2020-09-07,WNT1,410.96,RC17
dMB,2020-09-07,WNT3A,19.15,RC17
dMB,2020-09-07,PDGFC,12.99,RC17
dMB,2020-09-07,HOXA1,28.07,RC17
dMB,2020-09-07,HOXA2,209.31,RC17
dMB,2020-09-07,HOXA3,1.52,RC17
dMB,2020-09-07,HOXB1,0.65,RC17
dMB,2020-09-07,GBX2,146.98,RC17
dMB,2020-09-07,NKX6.1,11.4,RC17
dMB,2020-09-07,IRX3,67.7,RC17
dMB,2020-09-07,ALCAM,1.4,RC17
dMB,2020-09-07,APCDD1,8.17,RC17
dMB,2020-09-07,IAP,3.14,RC17
dMB,2020-09-07,CNTN2,8,RC17
dMB,2020-09-07,CORIN,82.68,RC17
dMB,2020-09-07,FOLR1,0.04,RC17
dMB,2020-09-07,LRTM1,1.65,RC17
dMB,2020-09-07,TPBG,4.07,RC17
dMB,2020-09-07,CD83,2.34,RC17
dMB,2020-09-07,SLC39A8,2.27,RC17
dMB,2020-09-07,SOX10,0.02,RC17
dMB,2020-09-07,ACTB,0.73,RC17
dMB,2020-09-07,GAPDH,1.57,RC17
dMB,2020-09-14,OTX2,1.86,RC17
dMB,2020-09-14,FOXG1,0.65,RC17
dMB,2020-09-14,FEZF1,0,RC17
dMB,2020-09-14,PAX6,1.91,RC17
dMB,2020-09-14,LHX2,0.68,RC17
dMB,2020-09-14,TBR1,7.12,RC17
dMB,2020-09-14,NKX2.1,4.94,RC17
dMB,2020-09-14,SIX3,0.52,RC17
dMB,2020-09-14,SIX6,1.99,RC17
dMB,2020-09-14,PAX7,277.3,RC17
dMB,2020-09-14,GDF7,43.12,RC17
dMB,2020-09-14,PAX8,1791.53,RC17
dMB,2020-09-14,PAX5,331.3,RC17
dMB,2020-09-14,FGF8,113.14,RC17
dMB,2020-09-14,CPE,9.85,RC17
dMB,2020-09-14,TFF3,4.94,RC17
dMB,2020-09-14,LMX1A,846.47,RC17
dMB,2020-09-14,FOXA1,225.24,RC17
dMB,2020-09-14,FOXA2,543.19,RC17
dMB,2020-09-14,EN1,16387.51,RC17
dMB,2020-09-14,EN2,414.52,RC17
dMB,2020-09-14,SHH,69.41,RC17
dMB,2020-09-14,SERPINF1,5.35,RC17
dMB,2020-09-14,LGI1,201.59,RC17
dMB,2020-09-14,WNT1,1768.91,RC17
dMB,2020-09-14,WNT3A,27.77,RC17
dMB,2020-09-14,PDGFC,44.49,RC17
dMB,2020-09-14,HOXA1,26.48,RC17
dMB,2020-09-14,HOXA2,23.03,RC17
dMB,2020-09-14,HOXA3,4.94,RC17
dMB,2020-09-14,HOXB1,3.36,RC17
dMB,2020-09-14,GBX2,59.73,RC17
dMB,2020-09-14,NKX6.1,80,RC17
dMB,2020-09-14,IRX3,81.68,RC17
dMB,2020-09-14,ALCAM,3,RC17
dMB,2020-09-14,APCDD1,42.82,RC17
dMB,2020-09-14,IAP,3.97,RC17
dMB,2020-09-14,CNTN2,1.06,RC17
dMB,2020-09-14,CORIN,114.99,RC17
dMB,2020-09-14,FOLR1,0.07,RC17
dMB,2020-09-14,LRTM1,8.64,RC17
dMB,2020-09-14,TPBG,14.18,RC17
dMB,2020-09-14,CD83,1.56,RC17
dMB,2020-09-14,SLC39A8,4.6,RC17
dMB,2020-09-14,SOX10,1.53,RC17
dMB,2020-09-14,ACTB,0.73,RC17
dMB,2020-09-14,GAPDH,1.6,RC17
dMB,2020-09-28,OTX2,0.2,RC17
dMB,2020-09-28,FOXG1,3.53,RC17
dMB,2020-09-28,FEZF1,0.01,RC17
dMB,2020-09-28,PAX6,17.33,RC17
dMB,2020-09-28,LHX2,5.4,RC17
dMB,2020-09-28,TBR1,24.79,RC17
dMB,2020-09-28,NKX2.1,17.39,RC17
dMB,2020-09-28,SIX3,0.67,RC17
dMB,2020-09-28,SIX6,4.91,RC17
dMB,2020-09-28,PAX7,179.18,RC17
dMB,2020-09-28,GDF7,44.79,RC17
dMB,2020-09-28,PAX8,80,RC17
dMB,2020-09-28,PAX5,13.29,RC17
dMB,2020-09-28,FGF8,4.68,RC17
dMB,2020-09-28,CPE,9.32,RC17
dMB,2020-09-28,TFF3,20.47,RC17
dMB,2020-09-28,LMX1A,67.89,RC17
dMB,2020-09-28,FOXA1,73.53,RC17
dMB,2020-09-28,FOXA2,157.07,RC17
dMB,2020-09-28,EN1,645.93,RC17
dMB,2020-09-28,EN2,17.39,RC17
dMB,2020-09-28,SHH,38.5,RC17
dMB,2020-09-28,SERPINF1,1.56,RC17
dMB,2020-09-28,LGI1,56.5,RC17
dMB,2020-09-28,WNT1,118.08,RC17
dMB,2020-09-28,WNT3A,17.39,RC17
dMB,2020-09-28,PDGFC,18.57,RC17
dMB,2020-09-28,HOXA1,93.5,RC17
dMB,2020-09-28,HOXA2,364.62,RC17
dMB,2020-09-28,HOXA3,17.39,RC17
dMB,2020-09-28,HOXB1,11.82,RC17
dMB,2020-09-28,GBX2,67.66,RC17
dMB,2020-09-28,NKX6.1,28.58,RC17
dMB,2020-09-28,IRX3,78.62,RC17
dMB,2020-09-28,ALCAM,1.44,RC17
dMB,2020-09-28,APCDD1,27.01,RC17
dMB,2020-09-28,IAP,2.9,RC17
dMB,2020-09-28,CNTN2,3.75,RC17
dMB,2020-09-28,CORIN,186.78,RC17
dMB,2020-09-28,FOLR1,0.25,RC17
dMB,2020-09-28,LRTM1,4.21,RC17
dMB,2020-09-28,TPBG,2.82,RC17
dMB,2020-09-28,CD83,2.35,RC17
dMB,2020-09-28,SLC39A8,2.89,RC17
dMB,2020-09-28,SOX10,0.18,RC17
dMB,2020-09-28,ACTB,0.88,RC17
dMB,2020-09-28,GAPDH,1.16,RC17
rVM,2020-04-26,OTX2,0.87,RC17
rVM,2020-04-26,FOXG1,0.06,RC17
rVM,2020-04-26,FEZF1,0.01,RC17
rVM,2020-04-26,PAX6,0.47,RC17
rVM,2020-04-26,LHX2,0.34,RC17
rVM,2020-04-26,TBR1,14.49,RC17
rVM,2020-04-26,NKX2.1,229.24,RC17
rVM,2020-04-26,SIX3,0.32,RC17
rVM,2020-04-26,SIX6,0.51,RC17
rVM,2020-04-26,PAX7,22.72,RC17
rVM,2020-04-26,GDF7,73.04,RC17
rVM,2020-04-26,PAX8,0.64,RC17
rVM,2020-04-26,PAX5,0.29,RC17
rVM,2020-04-26,FGF8,0.72,RC17
rVM,2020-04-26,CPE,7.29,RC17
rVM,2020-04-26,TFF3,14.73,RC17
rVM,2020-04-26,LMX1A,464.87,RC17
rVM,2020-04-26,FOXA1,632.84,RC17
rVM,2020-04-26,FOXA2,1635.69,RC17
rVM,2020-04-26,EN1,22.48,RC17
rVM,2020-04-26,EN2,3.46,RC17
rVM,2020-04-26,SHH,2221.55,RC17
rVM,2020-04-26,SERPINF1,19.57,RC17
rVM,2020-04-26,LGI1,66.29,RC17
rVM,2020-04-26,WNT1,18.24,RC17
rVM,2020-04-26,WNT3A,0.98,RC17
rVM,2020-04-26,PDGFC,62.06,RC17
rVM,2020-04-26,HOXA1,457.41,RC17
rVM,2020-04-26,HOXA2,14.99,RC17
rVM,2020-04-26,HOXA3,0.84,RC17
rVM,2020-04-26,HOXB1,0.57,RC17
rVM,2020-04-26,GBX2,0.36,RC17
rVM,2020-04-26,NKX6.1,156.75,RC17
rVM,2020-04-26,IRX3,1.86,RC17
rVM,2020-04-26,ALCAM,20.4,RC17
rVM,2020-04-26,APCDD1,32.46,RC17
rVM,2020-04-26,IAP,26,RC17
rVM,2020-04-26,CNTN2,168.39,RC17
rVM,2020-04-26,CORIN,4227.79,RC17
rVM,2020-04-26,FOLR1,0.02,RC17
rVM,2020-04-26,LRTM1,128.95,RC17
rVM,2020-04-26,TPBG,8.61,RC17
rVM,2020-04-26,CD83,1.28,RC17
rVM,2020-04-26,SLC39A8,1.27,RC17
rVM,2020-04-26,SOX10,0.01,RC17
rVM,2020-04-26,ACTB,0.8,RC17
rVM,2020-04-26,GAPDH,1.34,RC17
rVM,2020-05-13,OTX2,0.04,RC17
rVM,2020-05-13,FOXG1,0.19,RC17
rVM,2020-05-13,FEZF1,0.03,RC17
rVM,2020-05-13,PAX6,0.57,RC17
rVM,2020-05-13,LHX2,4.79,RC17
rVM,2020-05-13,TBR1,3.53,RC17
rVM,2020-05-13,NKX2.1,130.84,RC17
rVM,2020-05-13,SIX3,0.74,RC17
rVM,2020-05-13,SIX6,0.78,RC17
rVM,2020-05-13,PAX7,53.69,RC17
rVM,2020-05-13,GDF7,16.7,RC17
rVM,2020-05-13,PAX8,0.68,RC17
rVM,2020-05-13,PAX5,0.31,RC17
rVM,2020-05-13,FGF8,0.34,RC17
rVM,2020-05-13,CPE,14.09,RC17
rVM,2020-05-13,TFF3,16.24,RC17
rVM,2020-05-13,LMX1A,26.57,RC17
rVM,2020-05-13,FOXA1,798.75,RC17
rVM,2020-05-13,FOXA2,1381.11,RC17
rVM,2020-05-13,EN1,16.41,RC17
rVM,2020-05-13,EN2,2.15,RC17
rVM,2020-05-13,SHH,1720.1,RC17
rVM,2020-05-13,SERPINF1,21.14,RC17
rVM,2020-05-13,LGI1,2.61,RC17
rVM,2020-05-13,WNT1,1.51,RC17
rVM,2020-05-13,WNT3A,0.9,RC17
rVM,2020-05-13,PDGFC,43.31,RC17
rVM,2020-05-13,HOXA1,31.74,RC17
rVM,2020-05-13,HOXA2,68.67,RC17
rVM,2020-05-13,HOXA3,1.04,RC17
rVM,2020-05-13,HOXB1,7.29,RC17
rVM,2020-05-13,GBX2,2.81,RC17
rVM,2020-05-13,NKX6.1,135.61,RC17
rVM,2020-05-13,IRX3,3.53,RC17
rVM,2020-05-13,ALCAM,15.47,RC17
rVM,2020-05-13,APCDD1,14.09,RC17
rVM,2020-05-13,IAP,25.13,RC17
rVM,2020-05-13,CNTN2,87.52,RC17
rVM,2020-05-13,CORIN,2919.71,RC17
rVM,2020-05-13,FOLR1,0.09,RC17
rVM,2020-05-13,LRTM1,267.17,RC17
rVM,2020-05-13,TPBG,2.28,RC17
rVM,2020-05-13,CD83,0.74,RC17
rVM,2020-05-13,SLC39A8,0.63,RC17
rVM,2020-05-13,SOX10,1.2,RC17
rVM,2020-05-13,ACTB,0.92,RC17
rVM,2020-05-13,GAPDH,1.1,RC17
rVM,2020-06-08,OTX2,0.16,RC17
rVM,2020-06-08,FOXG1,0.33,RC17
rVM,2020-06-08,FEZF1,0.05,RC17
rVM,2020-06-08,PAX6,0.47,RC17
rVM,2020-06-08,LHX2,0.66,RC17
rVM,2020-06-08,TBR1,4.4,RC17
rVM,2020-06-08,NKX2.1,17.9,RC17
rVM,2020-06-08,SIX3,0.25,RC17
rVM,2020-06-08,SIX6,2.36,RC17
rVM,2020-06-08,PAX7,319.95,RC17
rVM,2020-06-08,GDF7,94.79,RC17
rVM,2020-06-08,PAX8,3.59,RC17
rVM,2020-06-08,PAX5,1.66,RC17
rVM,2020-06-08,FGF8,1.34,RC17
rVM,2020-06-08,CPE,13.95,RC17
rVM,2020-06-08,TFF3,21.51,RC17
rVM,2020-06-08,LMX1A,129.04,RC17
rVM,2020-06-08,FOXA1,1284.22,RC17
rVM,2020-06-08,FOXA2,2314.82,RC17
rVM,2020-06-08,EN1,70.85,RC17
rVM,2020-06-08,EN2,4.75,RC17
rVM,2020-06-08,SHH,3015.85,RC17
rVM,2020-06-08,SERPINF1,13.38,RC17
rVM,2020-06-08,LGI1,21.96,RC17
rVM,2020-06-08,WNT1,21.71,RC17
rVM,2020-06-08,WNT3A,4.75,RC17
rVM,2020-06-08,PDGFC,50.97,RC17
rVM,2020-06-08,HOXA1,69.23,RC17
rVM,2020-06-08,HOXA2,30.52,RC17
rVM,2020-06-08,HOXA3,4.75,RC17
rVM,2020-06-08,HOXB1,3.23,RC17
rVM,2020-06-08,GBX2,0.97,RC17
rVM,2020-06-08,NKX6.1,50.86,RC17
rVM,2020-06-08,IRX3,2.29,RC17
rVM,2020-06-08,ALCAM,32.15,RC17
rVM,2020-06-08,APCDD1,21.58,RC17
rVM,2020-06-08,IAP,56.95,RC17
rVM,2020-06-08,CNTN2,19.18,RC17
rVM,2020-06-08,CORIN,5660.37,RC17
rVM,2020-06-08,FOLR1,0.12,RC17
rVM,2020-06-08,LRTM1,48.22,RC17
rVM,2020-06-08,TPBG,6.57,RC17
rVM,2020-06-08,CD83,0.98,RC17
rVM,2020-06-08,SLC39A8,1.03,RC17
rVM,2020-06-08,SOX10,0.05,RC17
rVM,2020-06-08,ACTB,1.07,RC17
rVM,2020-06-08,GAPDH,0.94,RC17
rVM,2020-06-23,OTX2,0.38,RC17
rVM,2020-06-23,FOXG1,0.31,RC17
rVM,2020-06-23,FEZF1,0.01,RC17
rVM,2020-06-23,PAX6,0.48,RC17
rVM,2020-06-23,LHX2,1.48,RC17
rVM,2020-06-23,TBR1,1.52,RC17
rVM,2020-06-23,NKX2.1,99.28,RC17
rVM,2020-06-23,SIX3,1.04,RC17
rVM,2020-06-23,SIX6,0.64,RC17
rVM,2020-06-23,PAX7,96.57,RC17
rVM,2020-06-23,GDF7,35.96,RC17
rVM,2020-06-23,PAX8,1.24,RC17
rVM,2020-06-23,PAX5,0.57,RC17
rVM,2020-06-23,FGF8,0.33,RC17
rVM,2020-06-23,CPE,11.7,RC17
rVM,2020-06-23,TFF3,17.98,RC17
rVM,2020-06-23,LMX1A,159.06,RC17
rVM,2020-06-23,FOXA1,741.06,RC17
rVM,2020-06-23,FOXA2,1627.51,RC17
rVM,2020-06-23,EN1,16.43,RC17
rVM,2020-06-23,EN2,1.64,RC17
rVM,2020-06-23,SHH,2947.17,RC17
rVM,2020-06-23,SERPINF1,21.24,RC17
rVM,2020-06-23,LGI1,31.86,RC17
rVM,2020-06-23,WNT1,5.76,RC17
rVM,2020-06-23,WNT3A,1.64,RC17
rVM,2020-06-23,PDGFC,59.03,RC17
rVM,2020-06-23,HOXA1,66.26,RC17
rVM,2020-06-23,HOXA2,14.76,RC17
rVM,2020-06-23,HOXA3,1.64,RC17
rVM,2020-06-23,HOXB1,1.11,RC17
rVM,2020-06-23,GBX2,0.48,RC17
rVM,2020-06-23,NKX6.1,105.06,RC17
rVM,2020-06-23,IRX3,3.66,RC17
rVM,2020-06-23,ALCAM,19.21,RC17
rVM,2020-06-23,APCDD1,24.14,RC17
rVM,2020-06-23,IAP,32.86,RC17
rVM,2020-06-23,CNTN2,101.72,RC17
rVM,2020-06-23,CORIN,3739.03,RC17
rVM,2020-06-23,FOLR1,0.07,RC17
rVM,2020-06-23,LRTM1,172.26,RC17
rVM,2020-06-23,TPBG,4.4,RC17
rVM,2020-06-23,CD83,1.02,RC17
rVM,2020-06-23,SLC39A8,0.81,RC17
rVM,2020-06-23,SOX10,0.02,RC17
rVM,2020-06-23,ACTB,1.01,RC17
rVM,2020-06-23,GAPDH,0.99,RC17
rVM,2020-08-17,OTX2,2.4,RC17
rVM,2020-08-17,FOXG1,0.34,RC17
rVM,2020-08-17,FEZF1,0.01,RC17
rVM,2020-08-17,PAX6,0.69,RC17
rVM,2020-08-17,LHX2,0.66,RC17
rVM,2020-08-17,TBR1,50.71,RC17
rVM,2020-08-17,NKX2.1,13.76,RC17
rVM,2020-08-17,SIX3,0.6,RC17
rVM,2020-08-17,SIX6,2.28,RC17
rVM,2020-08-17,PAX7,15.27,RC17
rVM,2020-08-17,GDF7,96.18,RC17
rVM,2020-08-17,PAX8,84.11,RC17
rVM,2020-08-17,PAX5,5.79,RC17
rVM,2020-08-17,FGF8,6.21,RC17
rVM,2020-08-17,CPE,7.56,RC17
rVM,2020-08-17,TFF3,13.57,RC17
rVM,2020-08-17,LMX1A,2373.2,RC17
rVM,2020-08-17,FOXA1,911.83,RC17
rVM,2020-08-17,FOXA2,3186.19,RC17
rVM,2020-08-17,EN1,6176.69,RC17
rVM,2020-08-17,EN2,29.91,RC17
rVM,2020-08-17,SHH,2915.01,RC17
rVM,2020-08-17,SERPINF1,12.88,RC17
rVM,2020-08-17,LGI1,246.87,RC17
rVM,2020-08-17,WNT1,102.96,RC17
rVM,2020-08-17,WNT3A,4.77,RC17
rVM,2020-08-17,PDGFC,84.6,RC17
rVM,2020-08-17,HOXA1,48.65,RC17
rVM,2020-08-17,HOXA2,18.67,RC17
rVM,2020-08-17,HOXA3,4.77,RC17
rVM,2020-08-17,HOXB1,3.24,RC17
rVM,2020-08-17,GBX2,5.97,RC17
rVM,2020-08-17,NKX6.1,142.45,RC17
rVM,2020-08-17,IRX3,7.91,RC17
rVM,2020-08-17,ALCAM,11.14,RC17
rVM,2020-08-17,APCDD1,119.65,RC17
rVM,2020-08-17,IAP,15.7,RC17
rVM,2020-08-17,CNTN2,48.42,RC17
rVM,2020-08-17,CORIN,1363.05,RC17
rVM,2020-08-17,FOLR1,0.07,RC17
rVM,2020-08-17,LRTM1,80.59,RC17
rVM,2020-08-17,TPBG,21.08,RC17
rVM,2020-08-17,CD83,2.31,RC17
rVM,2020-08-17,SLC39A8,9.43,RC17
rVM,2020-08-17,SOX10,0.05,RC17
rVM,2020-08-17,ACTB,0.83,RC17
rVM,2020-08-17,GAPDH,1.25,RC17
rVM,2020-09-07,OTX2,1,RC17
rVM,2020-09-07,FOXG1,0.09,RC17
rVM,2020-09-07,FEZF1,0.02,RC17
rVM,2020-09-07,PAX6,0.45,RC17
rVM,2020-09-07,LHX2,0.77,RC17
rVM,2020-09-07,TBR1,5.17,RC17
rVM,2020-09-07,NKX2.1,7.25,RC17
rVM,2020-09-07,SIX3,0.31,RC17
rVM,2020-09-07,SIX6,0.21,RC17
rVM,2020-09-07,PAX7,235.34,RC17
rVM,2020-09-07,GDF7,264.77,RC17
rVM,2020-09-07,PAX8,1.68,RC17
rVM,2020-09-07,PAX5,0.19,RC17
rVM,2020-09-07,FGF8,0.28,RC17
rVM,2020-09-07,CPE,16.32,RC17
rVM,2020-09-07,TFF3,52.84,RC17
rVM,2020-09-07,LMX1A,1566.77,RC17
rVM,2020-09-07,FOXA1,830.93,RC17
rVM,2020-09-07,FOXA2,1908.97,RC17
rVM,2020-09-07,EN1,863.22,RC17
rVM,2020-09-07,EN2,1.31,RC17
rVM,2020-09-07,SHH,1865.37,RC17
rVM,2020-09-07,SERPINF1,19.48,RC17
rVM,2020-09-07,LGI1,95.25,RC17
rVM,2020-09-07,WNT1,77.27,RC17
rVM,2020-09-07,WNT3A,1.88,RC17
rVM,2020-09-07,PDGFC,48.79,RC17
rVM,2020-09-07,HOXA1,344.95,RC17
rVM,2020-09-07,HOXA2,10.08,RC17
rVM,2020-09-07,HOXA3,0.55,RC17
rVM,2020-09-07,HOXB1,0.37,RC17
rVM,2020-09-07,GBX2,2.19,RC17
rVM,2020-09-07,NKX6.1,93.39,RC17
rVM,2020-09-07,IRX3,7.41,RC17
rVM,2020-09-07,ALCAM,23.24,RC17
rVM,2020-09-07,APCDD1,38.68,RC17
rVM,2020-09-07,IAP,40.89,RC17
rVM,2020-09-07,CNTN2,29.42,RC17
rVM,2020-09-07,CORIN,6202.27,RC17
rVM,2020-09-07,FOLR1,0.11,RC17
rVM,2020-09-07,LRTM1,195.17,RC17
rVM,2020-09-07,TPBG,26.51,RC17
rVM,2020-09-07,CD83,2.33,RC17
rVM,2020-09-07,SLC39A8,3.86,RC17
rVM,2020-09-07,SOX10,0.01,RC17
rVM,2020-09-07,ACTB,0.98,RC17
rVM,2020-09-07,GAPDH,1.02,RC17
rVM,2021-05-19,OTX2,0.55,RC17
rVM,2021-05-19,FOXG1,0.14,RC17
rVM,2021-05-19,FEZF1,0.02,RC17
rVM,2021-05-19,PAX6,0.57,RC17
rVM,2021-05-19,LHX2,0.35,RC17
rVM,2021-05-19,TBR1,3.08,RC17
rVM,2021-05-19,NKX2.1,545.61,RC17
rVM,2021-05-19,SIX3,0.66,RC17
rVM,2021-05-19,SIX6,0.43,RC17
rVM,2021-05-19,PAX7,73.86,RC17
rVM,2021-05-19,GDF7,57.75,RC17
rVM,2021-05-19,PAX8,0.68,RC17
rVM,2021-05-19,PAX5,0.31,RC17
rVM,2021-05-19,FGF8,1.18,RC17
rVM,2021-05-19,CPE,5.92,RC17
rVM,2021-05-19,TFF3,18.85,RC17
rVM,2021-05-19,LMX1A,566.81,RC17
rVM,2021-05-19,FOXA1,712.49,RC17
rVM,2021-05-19,FOXA2,1980.61,RC17
rVM,2021-05-19,EN1,30.42,RC17
rVM,2021-05-19,EN2,0.9,RC17
rVM,2021-05-19,SHH,3393.12,RC17
rVM,2021-05-19,SERPINF1,26.48,RC17
rVM,2021-05-19,LGI1,45,RC17
rVM,2021-05-19,WNT1,125.37,RC17
rVM,2021-05-19,WNT3A,2.8,RC17
rVM,2021-05-19,PDGFC,93.81,RC17
rVM,2021-05-19,HOXA1,163.53,RC17
rVM,2021-05-19,HOXA2,375.26,RC17
rVM,2021-05-19,HOXA3,75.41,RC17
rVM,2021-05-19,HOXB1,1.24,RC17
rVM,2021-05-19,GBX2,0.26,RC17
rVM,2021-05-19,NKX6.1,168.13,RC17
rVM,2021-05-19,IRX3,3.15,RC17
rVM,2021-05-19,ALCAM,28.18,RC17
rVM,2021-05-19,APCDD1,37.19,RC17
rVM,2021-05-19,IAP,51.87,RC17
rVM,2021-05-19,CNTN2,19.32,RC17
rVM,2021-05-19,CORIN,5411.18,RC17
rVM,2021-05-19,FOLR1,0.1,RC17
rVM,2021-05-19,LRTM1,737.62,RC17
rVM,2021-05-19,TPBG,9.46,RC17
rVM,2021-05-19,CD83,0.87,RC17
rVM,2021-05-19,SLC39A8,2.62,RC17
rVM,2021-05-19,SOX10,0.01,RC17
rVM,2021-05-19,ACTB,1.04,RC17
rVM,2021-05-19,GAPDH,0.97,RC17
rVM,2021-05-20,OTX2,0.51,RC17
rVM,2021-05-20,FOXG1,0.07,RC17
rVM,2021-05-20,FEZF1,0.02,RC17
rVM,2021-05-20,PAX6,0.62,RC17
rVM,2021-05-20,LHX2,0.45,RC17
rVM,2021-05-20,TBR1,3.68,RC17
rVM,2021-05-20,NKX2.1,499.47,RC17
rVM,2021-05-20,SIX3,0.43,RC17
rVM,2021-05-20,SIX6,0.62,RC17
rVM,2021-05-20,PAX7,58.86,RC17
rVM,2021-05-20,GDF7,44.3,RC17
rVM,2021-05-20,PAX8,1.01,RC17
rVM,2021-05-20,PAX5,0.36,RC17
rVM,2021-05-20,FGF8,1.52,RC17
rVM,2021-05-20,CPE,4.67,RC17
rVM,2021-05-20,TFF3,19.08,RC17
rVM,2021-05-20,LMX1A,540.92,RC17
rVM,2021-05-20,FOXA1,617.06,RC17
rVM,2021-05-20,FOXA2,1697.57,RC17
rVM,2021-05-20,EN1,25.36,RC17
rVM,2021-05-20,EN2,1.43,RC17
rVM,2021-05-20,SHH,2789.76,RC17
rVM,2021-05-20,SERPINF1,24.24,RC17
rVM,2021-05-20,LGI1,68.8,RC17
rVM,2021-05-20,WNT1,113.19,RC17
rVM,2021-05-20,WNT3A,1.31,RC17
rVM,2021-05-20,PDGFC,91.41,RC17
rVM,2021-05-20,HOXA1,170.77,RC17
rVM,2021-05-20,HOXA2,329.53,RC17
rVM,2021-05-20,HOXA3,66.92,RC17
rVM,2021-05-20,HOXB1,2.71,RC17
rVM,2021-05-20,GBX2,0.24,RC17
rVM,2021-05-20,NKX6.1,149.18,RC17
rVM,2021-05-20,IRX3,2.53,RC17
rVM,2021-05-20,ALCAM,41.77,RC17
rVM,2021-05-20,APCDD1,33.46,RC17
rVM,2021-05-20,IAP,42.5,RC17
rVM,2021-05-20,CNTN2,14.77,RC17
rVM,2021-05-20,CORIN,4768.3,RC17
rVM,2021-05-20,FOLR1,0.09,RC17
rVM,2021-05-20,LRTM1,659.06,RC17
rVM,2021-05-20,TPBG,7.94,RC17
rVM,2021-05-20,CD83,1.57,RC17
rVM,2021-05-20,SLC39A8,4.48,RC17
rVM,2021-05-20,SOX10,0.01,RC17
rVM,2021-05-20,ACTB,0.97,RC17
rVM,2021-05-20,GAPDH,1.04,RC17
cVM,2020-04-26,OTX2,2.04,RC17
cVM,2020-04-26,FOXG1,0.42,RC17
cVM,2020-04-26,FEZF1,0,RC17
cVM,2020-04-26,PAX6,0.17,RC17
cVM,2020-04-26,LHX2,0.33,RC17
cVM,2020-04-26,TBR1,10.87,RC17
cVM,2020-04-26,NKX2.1,37.95,RC17
cVM,2020-04-26,SIX3,0.29,RC17
cVM,2020-04-26,SIX6,0.39,RC17
cVM,2020-04-26,PAX7,10.45,RC17
cVM,2020-04-26,GDF7,50.08,RC17
cVM,2020-04-26,PAX8,49.62,RC17
cVM,2020-04-26,PAX5,0.33,RC17
cVM,2020-04-26,FGF8,0.56,RC17
cVM,2020-04-26,CPE,56.34,RC17
cVM,2020-04-26,TFF3,79.95,RC17
cVM,2020-04-26,LMX1A,996.72,RC17
cVM,2020-04-26,FOXA1,989.84,RC17
cVM,2020-04-26,FOXA2,1821.67,RC17
cVM,2020-04-26,EN1,35389.79,RC17
cVM,2020-04-26,EN2,9.42,RC17
cVM,2020-04-26,SHH,1080.67,RC17
cVM,2020-04-26,SERPINF1,10.2,RC17
cVM,2020-04-26,LGI1,1641.78,RC17
cVM,2020-04-26,WNT1,25.1,RC17
cVM,2020-04-26,WNT3A,0.94,RC17
cVM,2020-04-26,PDGFC,153.39,RC17
cVM,2020-04-26,HOXA1,112.03,RC17
cVM,2020-04-26,HOXA2,6.95,RC17
cVM,2020-04-26,HOXA3,0.94,RC17
cVM,2020-04-26,HOXB1,0.64,RC17
cVM,2020-04-26,GBX2,74.6,RC17
cVM,2020-04-26,NKX6.1,61.08,RC17
cVM,2020-04-26,IRX3,0.94,RC17
cVM,2020-04-26,ALCAM,21.42,RC17
cVM,2020-04-26,APCDD1,42.55,RC17
cVM,2020-04-26,IAP,4.76,RC17
cVM,2020-04-26,CNTN2,4.13,RC17
cVM,2020-04-26,CORIN,1257.24,RC17
cVM,2020-04-26,FOLR1,0.03,RC17
cVM,2020-04-26,LRTM1,10.56,RC17
cVM,2020-04-26,TPBG,12.09,RC17
cVM,2020-04-26,CD83,0.9,RC17
cVM,2020-04-26,SLC39A8,3.71,RC17
cVM,2020-04-26,SOX10,0.01,RC17
cVM,2020-04-26,ACTB,0.85,RC17
cVM,2020-04-26,GAPDH,1.21,RC17
cVM,2020-05-13,OTX2,0.15,RC17
cVM,2020-05-13,FOXG1,0.11,RC17
cVM,2020-05-13,FEZF1,0.01,RC17
cVM,2020-05-13,PAX6,0.33,RC17
cVM,2020-05-13,LHX2,6.55,RC17
cVM,2020-05-13,TBR1,1.46,RC17
cVM,2020-05-13,NKX2.1,175.77,RC17
cVM,2020-05-13,SIX3,0.65,RC17
cVM,2020-05-13,SIX6,1.02,RC17
cVM,2020-05-13,PAX7,12.32,RC17
cVM,2020-05-13,GDF7,3.31,RC17
cVM,2020-05-13,PAX8,4.53,RC17
cVM,2020-05-13,PAX5,0.55,RC17
cVM,2020-05-13,FGF8,0.78,RC17
cVM,2020-05-13,CPE,21.52,RC17
cVM,2020-05-13,TFF3,53.35,RC17
cVM,2020-05-13,LMX1A,46.93,RC17
cVM,2020-05-13,FOXA1,727.87,RC17
cVM,2020-05-13,FOXA2,1849.01,RC17
cVM,2020-05-13,EN1,766.71,RC17
cVM,2020-05-13,EN2,1.58,RC17
cVM,2020-05-13,SHH,825.54,RC17
cVM,2020-05-13,SERPINF1,9.4,RC17
cVM,2020-05-13,LGI1,50.65,RC17
cVM,2020-05-13,WNT1,29.26,RC17
cVM,2020-05-13,WNT3A,1.58,RC17
cVM,2020-05-13,PDGFC,103.43,RC17
cVM,2020-05-13,HOXA1,65.54,RC17
cVM,2020-05-13,HOXA2,80.87,RC17
cVM,2020-05-13,HOXA3,1.58,RC17
cVM,2020-05-13,HOXB1,2.72,RC17
cVM,2020-05-13,GBX2,38.52,RC17
cVM,2020-05-13,NKX6.1,63.96,RC17
cVM,2020-05-13,IRX3,3.24,RC17
cVM,2020-05-13,ALCAM,11.06,RC17
cVM,2020-05-13,APCDD1,33.07,RC17
cVM,2020-05-13,IAP,2.75,RC17
cVM,2020-05-13,CNTN2,28.39,RC17
cVM,2020-05-13,CORIN,1001.21,RC17
cVM,2020-05-13,FOLR1,0.11,RC17
cVM,2020-05-13,LRTM1,64.11,RC17
cVM,2020-05-13,TPBG,2.78,RC17
cVM,2020-05-13,CD83,1.38,RC17
cVM,2020-05-13,SLC39A8,2.18,RC17
cVM,2020-05-13,SOX10,0.16,RC17
cVM,2020-05-13,ACTB,0.91,RC17
cVM,2020-05-13,GAPDH,1.11,RC17
cVM,2020-06-08,OTX2,1.28,RC17
cVM,2020-06-08,FOXG1,0.54,RC17
cVM,2020-06-08,FEZF1,0,RC17
cVM,2020-06-08,PAX6,0.32,RC17
cVM,2020-06-08,LHX2,2.41,RC17
cVM,2020-06-08,TBR1,2.99,RC17
cVM,2020-06-08,NKX2.1,14.67,RC17
cVM,2020-06-08,SIX3,0.21,RC17
cVM,2020-06-08,SIX6,1.86,RC17
cVM,2020-06-08,PAX7,18.18,RC17
cVM,2020-06-08,GDF7,13.13,RC17
cVM,2020-06-08,PAX8,82.48,RC17
cVM,2020-06-08,PAX5,1.13,RC17
cVM,2020-06-08,FGF8,1.36,RC17
cVM,2020-06-08,CPE,35.86,RC17
cVM,2020-06-08,TFF3,52.14,RC17
cVM,2020-06-08,LMX1A,1078.13,RC17
cVM,2020-06-08,FOXA1,1037.8,RC17
cVM,2020-06-08,FOXA2,2710.45,RC17
cVM,2020-06-08,EN1,16953.77,RC17
cVM,2020-06-08,EN2,4.99,RC17
cVM,2020-06-08,SHH,1777.93,RC17
cVM,2020-06-08,SERPINF1,5.94,RC17
cVM,2020-06-08,LGI1,501.23,RC17
cVM,2020-06-08,WNT1,53.36,RC17
cVM,2020-06-08,WNT3A,3.23,RC17
cVM,2020-06-08,PDGFC,161.38,RC17
cVM,2020-06-08,HOXA1,92.47,RC17
cVM,2020-06-08,HOXA2,36.24,RC17
cVM,2020-06-08,HOXA3,3.23,RC17
cVM,2020-06-08,HOXB1,2.19,RC17
cVM,2020-06-08,GBX2,59.69,RC17
cVM,2020-06-08,NKX6.1,47.05,RC17
cVM,2020-06-08,IRX3,5.98,RC17
cVM,2020-06-08,ALCAM,14.72,RC17
cVM,2020-06-08,APCDD1,57.45,RC17
cVM,2020-06-08,IAP,3.93,RC17
cVM,2020-06-08,CNTN2,2.75,RC17
cVM,2020-06-08,CORIN,894.12,RC17
cVM,2020-06-08,FOLR1,0.05,RC17
cVM,2020-06-08,LRTM1,44.3,RC17
cVM,2020-06-08,TPBG,9.84,RC17
cVM,2020-06-08,CD83,1.43,RC17
cVM,2020-06-08,SLC39A8,4.61,RC17
cVM,2020-06-08,SOX10,0.04,RC17
cVM,2020-06-08,ACTB,0.86,RC17
cVM,2020-06-08,GAPDH,1.2,RC17
cVM,2020-06-23,OTX2,3.31,RC17
cVM,2020-06-23,FOXG1,0.06,RC17
cVM,2020-06-23,FEZF1,0,RC17
cVM,2020-06-23,PAX6,0.24,RC17
cVM,2020-06-23,LHX2,2.13,RC17
cVM,2020-06-23,TBR1,1.33,RC17
cVM,2020-06-23,NKX2.1,53,RC17
cVM,2020-06-23,SIX3,0.51,RC17
cVM,2020-06-23,SIX6,0.43,RC17
cVM,2020-06-23,PAX7,1.3,RC17
cVM,2020-06-23,GDF7,5.22,RC17
cVM,2020-06-23,PAX8,46.51,RC17
cVM,2020-06-23,PAX5,0.82,RC17
cVM,2020-06-23,FGF8,1.27,RC17
cVM,2020-06-23,CPE,13.16,RC17
cVM,2020-06-23,TFF3,7.3,RC17
cVM,2020-06-23,LMX1A,1339.9,RC17
cVM,2020-06-23,FOXA1,764.25,RC17
cVM,2020-06-23,FOXA2,2308.77,RC17
cVM,2020-06-23,EN1,16704.04,RC17
cVM,2020-06-23,EN2,1.31,RC17
cVM,2020-06-23,SHH,1657.25,RC17
cVM,2020-06-23,SERPINF1,6.1,RC17
cVM,2020-06-23,LGI1,470.45,RC17
cVM,2020-06-23,WNT1,119.53,RC17
cVM,2020-06-23,WNT3A,0.9,RC17
cVM,2020-06-23,PDGFC,126.06,RC17
cVM,2020-06-23,HOXA1,51.97,RC17
cVM,2020-06-23,HOXA2,20.94,RC17
cVM,2020-06-23,HOXA3,0.9,RC17
cVM,2020-06-23,HOXB1,0.61,RC17
cVM,2020-06-23,GBX2,3.49,RC17
cVM,2020-06-23,NKX6.1,47.16,RC17
cVM,2020-06-23,IRX3,4.69,RC17
cVM,2020-06-23,ALCAM,4.9,RC17
cVM,2020-06-23,APCDD1,132.78,RC17
cVM,2020-06-23,IAP,2.83,RC17
cVM,2020-06-23,CNTN2,8.83,RC17
cVM,2020-06-23,CORIN,98.56,RC17
cVM,2020-06-23,FOLR1,0.03,RC17
cVM,2020-06-23,LRTM1,29.1,RC17
cVM,2020-06-23,TPBG,14.86,RC17
cVM,2020-06-23,CD83,1.2,RC17
cVM,2020-06-23,SLC39A8,9.83,RC17
cVM,2020-06-23,SOX10,0.01,RC17
cVM,2020-06-23,ACTB,0.77,RC17
cVM,2020-06-23,GAPDH,1.44,RC17
cVM,2020-08-17,OTX2,4.37,RC17
cVM,2020-08-17,FOXG1,0.34,RC17
cVM,2020-08-17,FEZF1,0,RC17
cVM,2020-08-17,PAX6,0.32,RC17
cVM,2020-08-17,LHX2,0.66,RC17
cVM,2020-08-17,TBR1,20.13,RC17
cVM,2020-08-17,NKX2.1,26.99,RC17
cVM,2020-08-17,SIX3,0.43,RC17
cVM,2020-08-17,SIX6,2.4,RC17
cVM,2020-08-17,PAX7,3.15,RC17
cVM,2020-08-17,GDF7,77.94,RC17
cVM,2020-08-17,PAX8,149.19,RC17
cVM,2020-08-17,PAX5,2.92,RC17
cVM,2020-08-17,FGF8,1.94,RC17
cVM,2020-08-17,CPE,74.51,RC17
cVM,2020-08-17,TFF3,32.21,RC17
cVM,2020-08-17,LMX1A,2663.89,RC17
cVM,2020-08-17,FOXA1,1188,RC17
cVM,2020-08-17,FOXA2,2425.92,RC17
cVM,2020-08-17,EN1,74209.61,RC17
cVM,2020-08-17,EN2,36.61,RC17
cVM,2020-08-17,SHH,1390.11,RC17
cVM,2020-08-17,SERPINF1,7.83,RC17
cVM,2020-08-17,LGI1,2255.64,RC17
cVM,2020-08-17,WNT1,26.86,RC17
cVM,2020-08-17,WNT3A,4.77,RC17
cVM,2020-08-17,PDGFC,148.5,RC17
cVM,2020-08-17,HOXA1,124.15,RC17
cVM,2020-08-17,HOXA2,2.66,RC17
cVM,2020-08-17,HOXA3,4.77,RC17
cVM,2020-08-17,HOXB1,3.24,RC17
cVM,2020-08-17,GBX2,107.58,RC17
cVM,2020-08-17,NKX6.1,134.46,RC17
cVM,2020-08-17,IRX3,5.74,RC17
cVM,2020-08-17,ALCAM,12.77,RC17
cVM,2020-08-17,APCDD1,89.84,RC17
cVM,2020-08-17,IAP,7.56,RC17
cVM,2020-08-17,CNTN2,1.85,RC17
cVM,2020-08-17,CORIN,190.59,RC17
cVM,2020-08-17,FOLR1,0.07,RC17
cVM,2020-08-17,LRTM1,37.91,RC17
cVM,2020-08-17,TPBG,26.16,RC17
cVM,2020-08-17,CD83,1.23,RC17
cVM,2020-08-17,SLC39A8,7.86,RC17
cVM,2020-08-17,SOX10,0.05,RC17
cVM,2020-08-17,ACTB,0.86,RC17
cVM,2020-08-17,GAPDH,1.2,RC17
cVM,2020-09-07,OTX2,0.56,RC17
cVM,2020-09-07,FOXG1,0.23,RC17
cVM,2020-09-07,FEZF1,0,RC17
cVM,2020-09-07,PAX6,0.27,RC17
cVM,2020-09-07,LHX2,0.77,RC17
cVM,2020-09-07,TBR1,6.55,RC17
cVM,2020-09-07,NKX2.1,1.58,RC17
cVM,2020-09-07,SIX3,0.3,RC17
cVM,2020-09-07,SIX6,0.22,RC17
cVM,2020-09-07,PAX7,54.16,RC17
cVM,2020-09-07,GDF7,254.95,RC17
cVM,2020-09-07,PAX8,74.32,RC17
cVM,2020-09-07,PAX5,0.21,RC17
cVM,2020-09-07,FGF8,0.41,RC17
cVM,2020-09-07,CPE,80.4,RC17
cVM,2020-09-07,TFF3,97.96,RC17
cVM,2020-09-07,LMX1A,770.2,RC17
cVM,2020-09-07,FOXA1,831.22,RC17
cVM,2020-09-07,FOXA2,1304.33,RC17
cVM,2020-09-07,EN1,8774.42,RC17
cVM,2020-09-07,EN2,9.12,RC17
cVM,2020-09-07,SHH,1214.17,RC17
cVM,2020-09-07,SERPINF1,13.87,RC17
cVM,2020-09-07,LGI1,511.68,RC17
cVM,2020-09-07,WNT1,6.79,RC17
cVM,2020-09-07,WNT3A,4,RC17
cVM,2020-09-07,PDGFC,95.61,RC17
cVM,2020-09-07,HOXA1,50.07,RC17
cVM,2020-09-07,HOXA2,8.05,RC17
cVM,2020-09-07,HOXA3,0.6,RC17
cVM,2020-09-07,HOXB1,0.41,RC17
cVM,2020-09-07,GBX2,32.99,RC17
cVM,2020-09-07,NKX6.1,47.69,RC17
cVM,2020-09-07,IRX3,3.26,RC17
cVM,2020-09-07,ALCAM,24.57,RC17
cVM,2020-09-07,APCDD1,20.45,RC17
cVM,2020-09-07,IAP,16.9,RC17
cVM,2020-09-07,CNTN2,0.56,RC17
cVM,2020-09-07,CORIN,2965.56,RC17
cVM,2020-09-07,FOLR1,0.19,RC17
cVM,2020-09-07,LRTM1,41.04,RC17
cVM,2020-09-07,TPBG,14.61,RC17
cVM,2020-09-07,CD83,1.61,RC17
cVM,2020-09-07,SLC39A8,3.17,RC17
cVM,2020-09-07,SOX10,0.01,RC17
cVM,2020-09-07,ACTB,0.97,RC17
cVM,2020-09-07,GAPDH,1.03,RC17
dHB,2020-04-26,OTX2,0.59,RC17
dHB,2020-04-26,FOXG1,0.07,RC17
dHB,2020-04-26,FEZF1,0.01,RC17
dHB,2020-04-26,PAX6,103.32,RC17
dHB,2020-04-26,LHX2,1.86,RC17
dHB,2020-04-26,TBR1,6.93,RC17
dHB,2020-04-26,NKX2.1,14.89,RC17
dHB,2020-04-26,SIX3,0.38,RC17
dHB,2020-04-26,SIX6,0.5,RC17
dHB,2020-04-26,PAX7,653.01,RC17
dHB,2020-04-26,GDF7,122.87,RC17
dHB,2020-04-26,PAX8,23.39,RC17
dHB,2020-04-26,PAX5,6.56,RC17
dHB,2020-04-26,FGF8,0.45,RC17
dHB,2020-04-26,CPE,11.52,RC17
dHB,2020-04-26,TFF3,14.08,RC17
dHB,2020-04-26,LMX1A,570.45,RC17
dHB,2020-04-26,FOXA1,340.37,RC17
dHB,2020-04-26,FOXA2,838.09,RC17
dHB,2020-04-26,EN1,2337.84,RC17
dHB,2020-04-26,EN2,2.12,RC17
dHB,2020-04-26,SHH,603.67,RC17
dHB,2020-04-26,SERPINF1,6.73,RC17
dHB,2020-04-26,LGI1,64.26,RC17
dHB,2020-04-26,WNT1,12.9,RC17
dHB,2020-04-26,WNT3A,6.52,RC17
dHB,2020-04-26,PDGFC,16.07,RC17
dHB,2020-04-26,HOXA1,180.1,RC17
dHB,2020-04-26,HOXA2,742.35,RC17
dHB,2020-04-26,HOXA3,171.37,RC17
dHB,2020-04-26,HOXB1,364.38,RC17
dHB,2020-04-26,GBX2,99.8,RC17
dHB,2020-04-26,NKX6.1,79.76,RC17
dHB,2020-04-26,IRX3,47.92,RC17
dHB,2020-04-26,ALCAM,7.42,RC17
dHB,2020-04-26,APCDD1,25.39,RC17
dHB,2020-04-26,IAP,16.81,RC17
dHB,2020-04-26,CNTN2,97.75,RC17
dHB,2020-04-26,CORIN,1885.8,RC17
dHB,2020-04-26,FOLR1,0.04,RC17
dHB,2020-04-26,LRTM1,64.49,RC17
dHB,2020-04-26,TPBG,9.01,RC17
dHB,2020-04-26,CD83,1.55,RC17
dHB,2020-04-26,SLC39A8,1.8,RC17
dHB,2020-04-26,SOX10,0.1,RC17
dHB,2020-04-26,ACTB,0.99,RC17
dHB,2020-04-26,GAPDH,1.01,RC17
dHB,2020-06-08,OTX2,0.01,RC17
dHB,2020-06-08,FOXG1,2.4,RC17
dHB,2020-06-08,FEZF1,0.01,RC17
dHB,2020-06-08,PAX6,125.64,RC17
dHB,2020-06-08,LHX2,4.7,RC17
dHB,2020-06-08,TBR1,31.56,RC17
dHB,2020-06-08,NKX2.1,34.02,RC17
dHB,2020-06-08,SIX3,0.6,RC17
dHB,2020-06-08,SIX6,13.21,RC17
dHB,2020-06-08,PAX7,184.59,RC17
dHB,2020-06-08,GDF7,34.02,RC17
dHB,2020-06-08,PAX8,25.72,RC17
dHB,2020-06-08,PAX5,11.87,RC17
dHB,2020-06-08,FGF8,9.48,RC17
dHB,2020-06-08,CPE,4.6,RC17
dHB,2020-06-08,TFF3,34.02,RC17
dHB,2020-06-08,LMX1A,34.02,RC17
dHB,2020-06-08,FOXA1,3.38,RC17
dHB,2020-06-08,FOXA2,12.03,RC17
dHB,2020-06-08,EN1,275.93,RC17
dHB,2020-06-08,EN2,34.02,RC17
dHB,2020-06-08,SHH,18.31,RC17
dHB,2020-06-08,SERPINF1,0.63,RC17
dHB,2020-06-08,LGI1,6.74,RC17
dHB,2020-06-08,WNT1,11.52,RC17
dHB,2020-06-08,WNT3A,40.73,RC17
dHB,2020-06-08,PDGFC,14.81,RC17
dHB,2020-06-08,HOXA1,424.57,RC17
dHB,2020-06-08,HOXA2,723.16,RC17
dHB,2020-06-08,HOXA3,366.63,RC17
dHB,2020-06-08,HOXB1,562.81,RC17
dHB,2020-06-08,GBX2,136.54,RC17
dHB,2020-06-08,NKX6.1,137.65,RC17
dHB,2020-06-08,IRX3,80.72,RC17
dHB,2020-06-08,ALCAM,0.36,RC17
dHB,2020-06-08,APCDD1,11.3,RC17
dHB,2020-06-08,IAP,9.11,RC17
dHB,2020-06-08,CNTN2,38.67,RC17
dHB,2020-06-08,CORIN,4.7,RC17
dHB,2020-06-08,FOLR1,0.48,RC17
dHB,2020-06-08,LRTM1,30.24,RC17
dHB,2020-06-08,TPBG,1.61,RC17
dHB,2020-06-08,CD83,1.73,RC17
dHB,2020-06-08,SLC39A8,1.52,RC17
dHB,2020-06-08,SOX10,0.35,RC17
dHB,2020-06-08,ACTB,1.09,RC17
dHB,2020-06-08,GAPDH,0.92,RC17
dHB,2020-08-17,OTX2,0,RC17
dHB,2020-08-17,FOXG1,0.13,RC17
dHB,2020-08-17,FEZF1,0,RC17
dHB,2020-08-17,PAX6,220.16,RC17
dHB,2020-08-17,LHX2,1.2,RC17
dHB,2020-08-17,TBR1,3.19,RC17
dHB,2020-08-17,NKX2.1,1.8,RC17
dHB,2020-08-17,SIX3,0.25,RC17
dHB,2020-08-17,SIX6,0.74,RC17
dHB,2020-08-17,PAX7,1701.27,RC17
dHB,2020-08-17,GDF7,18.41,RC17
dHB,2020-08-17,PAX8,54.72,RC17
dHB,2020-08-17,PAX5,8.78,RC17
dHB,2020-08-17,FGF8,0.62,RC17
dHB,2020-08-17,CPE,14.44,RC17
dHB,2020-08-17,TFF3,2.4,RC17
dHB,2020-08-17,LMX1A,7.96,RC17
dHB,2020-08-17,FOXA1,1.03,RC17
dHB,2020-08-17,FOXA2,0.72,RC17
dHB,2020-08-17,EN1,2560.83,RC17
dHB,2020-08-17,EN2,13.52,RC17
dHB,2020-08-17,SHH,3.2,RC17
dHB,2020-08-17,SERPINF1,0.24,RC17
dHB,2020-08-17,LGI1,8.5,RC17
dHB,2020-08-17,WNT1,0.77,RC17
dHB,2020-08-17,WNT3A,18.16,RC17
dHB,2020-08-17,PDGFC,5.85,RC17
dHB,2020-08-17,HOXA1,156.4,RC17
dHB,2020-08-17,HOXA2,1267.17,RC17
dHB,2020-08-17,HOXA3,245.13,RC17
dHB,2020-08-17,HOXB1,849.65,RC17
dHB,2020-08-17,GBX2,118.8,RC17
dHB,2020-08-17,NKX6.1,61.14,RC17
dHB,2020-08-17,IRX3,87.67,RC17
dHB,2020-08-17,ALCAM,0.43,RC17
dHB,2020-08-17,APCDD1,5.32,RC17
dHB,2020-08-17,IAP,8.77,RC17
dHB,2020-08-17,CNTN2,99.55,RC17
dHB,2020-08-17,CORIN,3.88,RC17
dHB,2020-08-17,FOLR1,0.03,RC17
dHB,2020-08-17,LRTM1,18.54,RC17
dHB,2020-08-17,TPBG,1.12,RC17
dHB,2020-08-17,CD83,1.2,RC17
dHB,2020-08-17,SLC39A8,0.99,RC17
dHB,2020-08-17,SOX10,0.12,RC17
dHB,2020-08-17,ACTB,1.08,RC17
dHB,2020-08-17,GAPDH,0.93,RC17
dHB,2020-09-07,OTX2,0,RC17
dHB,2020-09-07,FOXG1,0.08,RC17
dHB,2020-09-07,FEZF1,0,RC17
dHB,2020-09-07,PAX6,162.25,RC17
dHB,2020-09-07,LHX2,1.75,RC17
dHB,2020-09-07,TBR1,2.22,RC17
dHB,2020-09-07,NKX2.1,3.13,RC17
dHB,2020-09-07,SIX3,0.53,RC17
dHB,2020-09-07,SIX6,0.38,RC17
dHB,2020-09-07,PAX7,196.32,RC17
dHB,2020-09-07,GDF7,32.27,RC17
dHB,2020-09-07,PAX8,55.86,RC17
dHB,2020-09-07,PAX5,10.51,RC17
dHB,2020-09-07,FGF8,0.53,RC17
dHB,2020-09-07,CPE,10.18,RC17
dHB,2020-09-07,TFF3,0.86,RC17
dHB,2020-09-07,LMX1A,0.86,RC17
dHB,2020-09-07,FOXA1,1.52,RC17
dHB,2020-09-07,FOXA2,0.32,RC17
dHB,2020-09-07,EN1,3867.09,RC17
dHB,2020-09-07,EN2,21.66,RC17
dHB,2020-09-07,SHH,2.94,RC17
dHB,2020-09-07,SERPINF1,0.44,RC17
dHB,2020-09-07,LGI1,5.47,RC17
dHB,2020-09-07,WNT1,3.24,RC17
dHB,2020-09-07,WNT3A,16.25,RC17
dHB,2020-09-07,PDGFC,7.85,RC17
dHB,2020-09-07,HOXA1,118.09,RC17
dHB,2020-09-07,HOXA2,763.79,RC17
dHB,2020-09-07,HOXA3,593.06,RC17
dHB,2020-09-07,HOXB1,849.44,RC17
dHB,2020-09-07,GBX2,129.07,RC17
dHB,2020-09-07,NKX6.1,190.51,RC17
dHB,2020-09-07,IRX3,167.58,RC17
dHB,2020-09-07,ALCAM,0.22,RC17
dHB,2020-09-07,APCDD1,6.97,RC17
dHB,2020-09-07,IAP,6.22,RC17
dHB,2020-09-07,CNTN2,53.34,RC17
dHB,2020-09-07,CORIN,1.71,RC17
dHB,2020-09-07,FOLR1,0.01,RC17
dHB,2020-09-07,LRTM1,26.48,RC17
dHB,2020-09-07,TPBG,1.83,RC17
dHB,2020-09-07,CD83,1.03,RC17
dHB,2020-09-07,SLC39A8,1.19,RC17
dHB,2020-09-07,SOX10,0.02,RC17
dHB,2020-09-07,ACTB,1.08,RC17
dHB,2020-09-07,GAPDH,0.93,RC17
dHB,2020-09-14,OTX2,0,RC17
dHB,2020-09-14,FOXG1,0.23,RC17
dHB,2020-09-14,FEZF1,0,RC17
dHB,2020-09-14,PAX6,152.12,RC17
dHB,2020-09-14,LHX2,1.35,RC17
dHB,2020-09-14,TBR1,4.43,RC17
dHB,2020-09-14,NKX2.1,3.96,RC17
dHB,2020-09-14,SIX3,0.47,RC17
dHB,2020-09-14,SIX6,1.33,RC17
dHB,2020-09-14,PAX7,344.67,RC17
dHB,2020-09-14,GDF7,23.57,RC17
dHB,2020-09-14,PAX8,56.33,RC17
dHB,2020-09-14,PAX5,10.45,RC17
dHB,2020-09-14,FGF8,1.44,RC17
dHB,2020-09-14,CPE,11.07,RC17
dHB,2020-09-14,TFF3,4.34,RC17
dHB,2020-09-14,LMX1A,3.86,RC17
dHB,2020-09-14,FOXA1,2.08,RC17
dHB,2020-09-14,FOXA2,0.65,RC17
dHB,2020-09-14,EN1,3779.74,RC17
dHB,2020-09-14,EN2,17.02,RC17
dHB,2020-09-14,SHH,4.1,RC17
dHB,2020-09-14,SERPINF1,0.57,RC17
dHB,2020-09-14,LGI1,8.48,RC17
dHB,2020-09-14,WNT1,2.74,RC17
dHB,2020-09-14,WNT3A,29.02,RC17
dHB,2020-09-14,PDGFC,7.21,RC17
dHB,2020-09-14,HOXA1,110.33,RC17
dHB,2020-09-14,HOXA2,746.54,RC17
dHB,2020-09-14,HOXA3,373.27,RC17
dHB,2020-09-14,HOXB1,1654.76,RC17
dHB,2020-09-14,GBX2,155.32,RC17
dHB,2020-09-14,NKX6.1,206.61,RC17
dHB,2020-09-14,IRX3,237.33,RC17
dHB,2020-09-14,ALCAM,0.26,RC17
dHB,2020-09-14,APCDD1,10.81,RC17
dHB,2020-09-14,IAP,6.75,RC17
dHB,2020-09-14,CNTN2,50.01,RC17
dHB,2020-09-14,CORIN,1.22,RC17
dHB,2020-09-14,FOLR1,0.09,RC17
dHB,2020-09-14,LRTM1,15.5,RC17
dHB,2020-09-14,TPBG,1.93,RC17
dHB,2020-09-14,CD83,1.24,RC17
dHB,2020-09-14,SLC39A8,1.34,RC17
dHB,2020-09-14,SOX10,0.03,RC17
dHB,2020-09-14,ACTB,1.23,RC17
dHB,2020-09-14,GAPDH,0.84,RC17
dHB,2020-09-28,OTX2,0,RC17
dHB,2020-09-28,FOXG1,1.28,RC17
dHB,2020-09-28,FEZF1,0.01,RC17
dHB,2020-09-28,PAX6,133.71,RC17
dHB,2020-09-28,LHX2,2.51,RC17
dHB,2020-09-28,TBR1,16.85,RC17
dHB,2020-09-28,NKX2.1,18.16,RC17
dHB,2020-09-28,SIX3,0.46,RC17
dHB,2020-09-28,SIX6,5.99,RC17
dHB,2020-09-28,PAX7,102.75,RC17
dHB,2020-09-28,GDF7,18.16,RC17
dHB,2020-09-28,PAX8,49.51,RC17
dHB,2020-09-28,PAX5,6.34,RC17
dHB,2020-09-28,FGF8,5.2,RC17
dHB,2020-09-28,CPE,6.91,RC17
dHB,2020-09-28,TFF3,18.16,RC17
dHB,2020-09-28,LMX1A,18.16,RC17
dHB,2020-09-28,FOXA1,1.92,RC17
dHB,2020-09-28,FOXA2,6.12,RC17
dHB,2020-09-28,EN1,4278.68,RC17
dHB,2020-09-28,EN2,18.16,RC17
dHB,2020-09-28,SHH,7.49,RC17
dHB,2020-09-28,SERPINF1,0.71,RC17
dHB,2020-09-28,LGI1,4.67,RC17
dHB,2020-09-28,WNT1,6.15,RC17
dHB,2020-09-28,WNT3A,20.94,RC17
dHB,2020-09-28,PDGFC,9.05,RC17
dHB,2020-09-28,HOXA1,196.67,RC17
dHB,2020-09-28,HOXA2,813.47,RC17
dHB,2020-09-28,HOXA3,465.6,RC17
dHB,2020-09-28,HOXB1,541.68,RC17
dHB,2020-09-28,GBX2,98.22,RC17
dHB,2020-09-28,NKX6.1,153.24,RC17
dHB,2020-09-28,IRX3,208.6,RC17
dHB,2020-09-28,ALCAM,0.07,RC17
dHB,2020-09-28,APCDD1,31.95,RC17
dHB,2020-09-28,IAP,5.36,RC17
dHB,2020-09-28,CNTN2,22.44,RC17
dHB,2020-09-28,CORIN,7.25,RC17
dHB,2020-09-28,FOLR1,0.26,RC17
dHB,2020-09-28,LRTM1,11.5,RC17
dHB,2020-09-28,TPBG,1.29,RC17
dHB,2020-09-28,CD83,1.07,RC17
dHB,2020-09-28,SLC39A8,1.35,RC17
dHB,2020-09-28,SOX10,0.19,RC17
dHB,2020-09-28,ACTB,1.25,RC17
dHB,2020-09-28,GAPDH,0.83,RC17
vHB,2020-04-26,OTX2,0,RC17
vHB,2020-04-26,FOXG1,0.06,RC17
vHB,2020-04-26,FEZF1,0,RC17
vHB,2020-04-26,PAX6,0.6,RC17
vHB,2020-04-26,LHX2,0.81,RC17
vHB,2020-04-26,TBR1,10.85,RC17
vHB,2020-04-26,NKX2.1,15.06,RC17
vHB,2020-04-26,SIX3,0.5,RC17
vHB,2020-04-26,SIX6,0.45,RC17
vHB,2020-04-26,PAX7,10.83,RC17
vHB,2020-04-26,GDF7,37.59,RC17
vHB,2020-04-26,PAX8,0.91,RC17
vHB,2020-04-26,PAX5,3.96,RC17
vHB,2020-04-26,FGF8,1.38,RC17
vHB,2020-04-26,CPE,11.14,RC17
vHB,2020-04-26,TFF3,13.15,RC17
vHB,2020-04-26,LMX1A,1.21,RC17
vHB,2020-04-26,FOXA1,235.96,RC17
vHB,2020-04-26,FOXA2,1631.99,RC17
vHB,2020-04-26,EN1,15.11,RC17
vHB,2020-04-26,EN2,4.88,RC17
vHB,2020-04-26,SHH,1645.24,RC17
vHB,2020-04-26,SERPINF1,5.09,RC17
vHB,2020-04-26,LGI1,23.22,RC17
vHB,2020-04-26,WNT1,0.92,RC17
vHB,2020-04-26,WNT3A,0.9,RC17
vHB,2020-04-26,PDGFC,19.19,RC17
vHB,2020-04-26,HOXA1,93,RC17
vHB,2020-04-26,HOXA2,799.2,RC17
vHB,2020-04-26,HOXA3,174.54,RC17
vHB,2020-04-26,HOXB1,197.51,RC17
vHB,2020-04-26,GBX2,5.73,RC17
vHB,2020-04-26,NKX6.1,716.13,RC17
vHB,2020-04-26,IRX3,1.62,RC17
vHB,2020-04-26,ALCAM,2.72,RC17
vHB,2020-04-26,APCDD1,13.95,RC17
vHB,2020-04-26,IAP,8.13,RC17
vHB,2020-04-26,CNTN2,518.22,RC17
vHB,2020-04-26,CORIN,103.07,RC17
vHB,2020-04-26,FOLR1,0.03,RC17
vHB,2020-04-26,LRTM1,54.28,RC17
vHB,2020-04-26,TPBG,1.1,RC17
vHB,2020-04-26,CD83,1.06,RC17
vHB,2020-04-26,SLC39A8,0.8,RC17
vHB,2020-04-26,SOX10,0.01,RC17
vHB,2020-04-26,ACTB,0.87,RC17
vHB,2020-04-26,GAPDH,1.18,RC17
vHB,2020-05-13,OTX2,0.01,RC17
vHB,2020-05-13,FOXG1,0.08,RC17
vHB,2020-05-13,FEZF1,0,RC17
vHB,2020-05-13,PAX6,2.78,RC17
vHB,2020-05-13,LHX2,1.57,RC17
vHB,2020-05-13,TBR1,1,RC17
vHB,2020-05-13,NKX2.1,5.11,RC17
vHB,2020-05-13,SIX3,0.18,RC17
vHB,2020-05-13,SIX6,0.43,RC17
vHB,2020-05-13,PAX7,1.1,RC17
vHB,2020-05-13,GDF7,5.81,RC17
vHB,2020-05-13,PAX8,1.25,RC17
vHB,2020-05-13,PAX5,0.74,RC17
vHB,2020-05-13,FGF8,1.06,RC17
vHB,2020-05-13,CPE,3.7,RC17
vHB,2020-05-13,TFF3,1.07,RC17
vHB,2020-05-13,LMX1A,1.07,RC17
vHB,2020-05-13,FOXA1,15.98,RC17
vHB,2020-05-13,FOXA2,129.17,RC17
vHB,2020-05-13,EN1,38.27,RC17
vHB,2020-05-13,EN2,1.07,RC17
vHB,2020-05-13,SHH,256.85,RC17
vHB,2020-05-13,SERPINF1,1.54,RC17
vHB,2020-05-13,LGI1,5.18,RC17
vHB,2020-05-13,WNT1,15.15,RC17
vHB,2020-05-13,WNT3A,2.57,RC17
vHB,2020-05-13,PDGFC,8.83,RC17
vHB,2020-05-13,HOXA1,163.68,RC17
vHB,2020-05-13,HOXA2,555.68,RC17
vHB,2020-05-13,HOXA3,392.92,RC17
vHB,2020-05-13,HOXB1,85.42,RC17
vHB,2020-05-13,GBX2,11.3,RC17
vHB,2020-05-13,NKX6.1,338.91,RC17
vHB,2020-05-13,IRX3,3.65,RC17
vHB,2020-05-13,ALCAM,0.11,RC17
vHB,2020-05-13,APCDD1,6.36,RC17
vHB,2020-05-13,IAP,3.68,RC17
vHB,2020-05-13,CNTN2,15.17,RC17
vHB,2020-05-13,CORIN,6.67,RC17
vHB,2020-05-13,FOLR1,0.09,RC17
vHB,2020-05-13,LRTM1,1.25,RC17
vHB,2020-05-13,TPBG,1.18,RC17
vHB,2020-05-13,CD83,0.78,RC17
vHB,2020-05-13,SLC39A8,1.59,RC17
vHB,2020-05-13,SOX10,0.03,RC17
vHB,2020-05-13,ACTB,0.85,RC17
vHB,2020-05-13,GAPDH,1.21,RC17
vHB,2020-06-23,OTX2,0,RC17
vHB,2020-06-23,FOXG1,0.21,RC17
vHB,2020-06-23,FEZF1,0,RC17
vHB,2020-06-23,PAX6,41.43,RC17
vHB,2020-06-23,LHX2,3.81,RC17
vHB,2020-06-23,TBR1,0.82,RC17
vHB,2020-06-23,NKX2.1,0.92,RC17
vHB,2020-06-23,SIX3,0.22,RC17
vHB,2020-06-23,SIX6,0.26,RC17
vHB,2020-06-23,PAX7,1.49,RC17
vHB,2020-06-23,GDF7,3.29,RC17
vHB,2020-06-23,PAX8,0.94,RC17
vHB,2020-06-23,PAX5,4.31,RC17
vHB,2020-06-23,FGF8,0.5,RC17
vHB,2020-06-23,CPE,4.98,RC17
vHB,2020-06-23,TFF3,0.67,RC17
vHB,2020-06-23,LMX1A,0.67,RC17
vHB,2020-06-23,FOXA1,3.44,RC17
vHB,2020-06-23,FOXA2,15.75,RC17
vHB,2020-06-23,EN1,278.68,RC17
vHB,2020-06-23,EN2,8.21,RC17
vHB,2020-06-23,SHH,60.09,RC17
vHB,2020-06-23,SERPINF1,0.86,RC17
vHB,2020-06-23,LGI1,24.04,RC17
vHB,2020-06-23,WNT1,0.9,RC17
vHB,2020-06-23,WNT3A,5.93,RC17
vHB,2020-06-23,PDGFC,8.13,RC17
vHB,2020-06-23,HOXA1,55.49,RC17
vHB,2020-06-23,HOXA2,690.98,RC17
vHB,2020-06-23,HOXA3,238.44,RC17
vHB,2020-06-23,HOXB1,269.81,RC17
vHB,2020-06-23,GBX2,30.96,RC17
vHB,2020-06-23,NKX6.1,281.92,RC17
vHB,2020-06-23,IRX3,10.26,RC17
vHB,2020-06-23,ALCAM,0.89,RC17
vHB,2020-06-23,APCDD1,4.98,RC17
vHB,2020-06-23,IAP,5.12,RC17
vHB,2020-06-23,CNTN2,54.85,RC17
vHB,2020-06-23,CORIN,3.62,RC17
vHB,2020-06-23,FOLR1,0.02,RC17
vHB,2020-06-23,LRTM1,7.61,RC17
vHB,2020-06-23,TPBG,0.67,RC17
vHB,2020-06-23,CD83,1.19,RC17
vHB,2020-06-23,SLC39A8,0.9,RC17
vHB,2020-06-23,SOX10,0.01,RC17
vHB,2020-06-23,ACTB,0.95,RC17
vHB,2020-06-23,GAPDH,1.05,RC17
vHB,2020-08-17,OTX2,0.1,RC17
vHB,2020-08-17,FOXG1,87.9,RC17
vHB,2020-08-17,FEZF1,0.02,RC17
vHB,2020-08-17,PAX6,46.45,RC17
vHB,2020-08-17,LHX2,23.85,RC17
vHB,2020-08-17,TBR1,26.16,RC17
vHB,2020-08-17,NKX2.1,201.93,RC17
vHB,2020-08-17,SIX3,0.65,RC17
vHB,2020-08-17,SIX6,7.25,RC17
vHB,2020-08-17,PAX7,9.53,RC17
vHB,2020-08-17,GDF7,64.57,RC17
vHB,2020-08-17,PAX8,12.12,RC17
vHB,2020-08-17,PAX5,22.31,RC17
vHB,2020-08-17,FGF8,5.83,RC17
vHB,2020-08-17,CPE,6.07,RC17
vHB,2020-08-17,TFF3,16.03,RC17
vHB,2020-08-17,LMX1A,16.03,RC17
vHB,2020-08-17,FOXA1,19.33,RC17
vHB,2020-08-17,FOXA2,92.91,RC17
vHB,2020-08-17,EN1,180.11,RC17
vHB,2020-08-17,EN2,16.03,RC17
vHB,2020-08-17,SHH,73.23,RC17
vHB,2020-08-17,SERPINF1,0.82,RC17
vHB,2020-08-17,LGI1,21.75,RC17
vHB,2020-08-17,WNT1,5.43,RC17
vHB,2020-08-17,WNT3A,16.03,RC17
vHB,2020-08-17,PDGFC,7.77,RC17
vHB,2020-08-17,HOXA1,212.96,RC17
vHB,2020-08-17,HOXA2,665.24,RC17
vHB,2020-08-17,HOXA3,200.54,RC17
vHB,2020-08-17,HOXB1,628.63,RC17
vHB,2020-08-17,GBX2,60.24,RC17
vHB,2020-08-17,NKX6.1,687.11,RC17
vHB,2020-08-17,IRX3,22.7,RC17
vHB,2020-08-17,ALCAM,1.83,RC17
vHB,2020-08-17,APCDD1,6.2,RC17
vHB,2020-08-17,IAP,6.44,RC17
vHB,2020-08-17,CNTN2,55.05,RC17
vHB,2020-08-17,CORIN,5.34,RC17
vHB,2020-08-17,FOLR1,0.23,RC17
vHB,2020-08-17,LRTM1,8.47,RC17
vHB,2020-08-17,TPBG,0.97,RC17
vHB,2020-08-17,CD83,1.22,RC17
vHB,2020-08-17,SLC39A8,1.78,RC17
vHB,2020-08-17,SOX10,0.23,RC17
vHB,2020-08-17,ACTB,0.95,RC17
vHB,2020-08-17,GAPDH,1.05,RC17
vHB,2020-09-07,OTX2,0,RC17
vHB,2020-09-07,FOXG1,0.07,RC17
vHB,2020-09-07,FEZF1,0,RC17
vHB,2020-09-07,PAX6,3.21,RC17
vHB,2020-09-07,LHX2,2.58,RC17
vHB,2020-09-07,TBR1,6.86,RC17
vHB,2020-09-07,NKX2.1,23.95,RC17
vHB,2020-09-07,SIX3,0.34,RC17
vHB,2020-09-07,SIX6,0.41,RC17
vHB,2020-09-07,PAX7,5.32,RC17
vHB,2020-09-07,GDF7,24.88,RC17
vHB,2020-09-07,PAX8,0.75,RC17
vHB,2020-09-07,PAX5,4.31,RC17
vHB,2020-09-07,FGF8,1.23,RC17
vHB,2020-09-07,CPE,5.53,RC17
vHB,2020-09-07,TFF3,6.46,RC17
vHB,2020-09-07,LMX1A,1,RC17
vHB,2020-09-07,FOXA1,34.11,RC17
vHB,2020-09-07,FOXA2,287.4,RC17
vHB,2020-09-07,EN1,21.07,RC17
vHB,2020-09-07,EN2,2.17,RC17
vHB,2020-09-07,SHH,215.06,RC17
vHB,2020-09-07,SERPINF1,1.15,RC17
vHB,2020-09-07,LGI1,6.24,RC17
vHB,2020-09-07,WNT1,7.29,RC17
vHB,2020-09-07,WNT3A,2.92,RC17
vHB,2020-09-07,PDGFC,4.08,RC17
vHB,2020-09-07,HOXA1,110.55,RC17
vHB,2020-09-07,HOXA2,707.66,RC17
vHB,2020-09-07,HOXA3,366.31,RC17
vHB,2020-09-07,HOXB1,241.39,RC17
vHB,2020-09-07,GBX2,16.93,RC17
vHB,2020-09-07,NKX6.1,723.36,RC17
vHB,2020-09-07,IRX3,4.15,RC17
vHB,2020-09-07,ALCAM,0.54,RC17
vHB,2020-09-07,APCDD1,5.97,RC17
vHB,2020-09-07,IAP,4.83,RC17
vHB,2020-09-07,CNTN2,46.59,RC17
vHB,2020-09-07,CORIN,12.23,RC17
vHB,2020-09-07,FOLR1,0.03,RC17
vHB,2020-09-07,LRTM1,10.75,RC17
vHB,2020-09-07,TPBG,1.59,RC17
vHB,2020-09-07,CD83,0.98,RC17
vHB,2020-09-07,SLC39A8,1.3,RC17
vHB,2020-09-07,SOX10,0.01,RC17
vHB,2020-09-07,ACTB,0.93,RC17
vHB,2020-09-07,GAPDH,1.08,RC17
vHB,2020-09-14,OTX2,0,RC17
vHB,2020-09-14,FOXG1,0.18,RC17
vHB,2020-09-14,FEZF1,0,RC17
vHB,2020-09-14,PAX6,1.15,RC17
vHB,2020-09-14,LHX2,0.93,RC17
vHB,2020-09-14,TBR1,11.21,RC17
vHB,2020-09-14,NKX2.1,9.16,RC17
vHB,2020-09-14,SIX3,0.27,RC17
vHB,2020-09-14,SIX6,0.75,RC17
vHB,2020-09-14,PAX7,44.49,RC17
vHB,2020-09-14,GDF7,41.51,RC17
vHB,2020-09-14,PAX8,18.09,RC17
vHB,2020-09-14,PAX5,8.56,RC17
vHB,2020-09-14,FGF8,3.08,RC17
vHB,2020-09-14,CPE,8.43,RC17
vHB,2020-09-14,TFF3,24.17,RC17
vHB,2020-09-14,LMX1A,12.51,RC17
vHB,2020-09-14,FOXA1,287.09,RC17
vHB,2020-09-14,FOXA2,3148.33,RC17
vHB,2020-09-14,EN1,69.33,RC17
vHB,2020-09-14,EN2,4.33,RC17
vHB,2020-09-14,SHH,1430.23,RC17
vHB,2020-09-14,SERPINF1,11.59,RC17
vHB,2020-09-14,LGI1,11.96,RC17
vHB,2020-09-14,WNT1,0.87,RC17
vHB,2020-09-14,WNT3A,2.58,RC17
vHB,2020-09-14,PDGFC,41.94,RC17
vHB,2020-09-14,HOXA1,75.69,RC17
vHB,2020-09-14,HOXA2,697.17,RC17
vHB,2020-09-14,HOXA3,226.81,RC17
vHB,2020-09-14,HOXB1,151.56,RC17
vHB,2020-09-14,GBX2,4.82,RC17
vHB,2020-09-14,NKX6.1,582.87,RC17
vHB,2020-09-14,IRX3,6.26,RC17
vHB,2020-09-14,ALCAM,2.78,RC17
vHB,2020-09-14,APCDD1,16,RC17
vHB,2020-09-14,IAP,8.06,RC17
vHB,2020-09-14,CNTN2,182.96,RC17
vHB,2020-09-14,CORIN,328.64,RC17
vHB,2020-09-14,FOLR1,0.21,RC17
vHB,2020-09-14,LRTM1,91.48,RC17
vHB,2020-09-14,TPBG,1.81,RC17
vHB,2020-09-14,CD83,1.08,RC17
vHB,2020-09-14,SLC39A8,0.98,RC17
vHB,2020-09-14,SOX10,0.04,RC17
vHB,2020-09-14,ACTB,0.95,RC17
vHB,2020-09-14,GAPDH,1.06,RC17
