3sd_mfi,3sd_per_pos,8sd_mfi,8sd_per_pos,mfi,folder,region,batch,pct_live,sample_type,marker
111.54666,0.6079351535836177,292.73676,0.0106655290102389,13.396008,ALS_250513,mixed,mixed,90.96730377413408,fmo,apc
2144.4504,99.28617780661908,2233.549,95.04650659744756,2129.5513,ALS_250513,cVM,KL10,92.03663149512244,fully_stained,apc
563.2469,84.16631667366653,725.04694,60.85678286434272,481.8927,ALS_250513,cVM,KL11,93.0987292277615,fully_stained,apc
1455.4463,97.34618717504333,1622.2849,86.33015597920277,1418.3014,ALS_250513,cVM,NKN134,91.31552917903066,fully_stained,apc
156.57881,0.5847953216374269,431.4078,0.0806614236741278,11.501248,ALS_250513,dFB,BH35,96.42232160217772,fully_stained,apc
142.53604,0.3800760152030406,291.1931,0.06001200240048,9.737119,ALS_250513,dFB,BH36,94.62426651523755,fully_stained,apc
144.30608,0.6163328197226503,270.78687,0.12326656394453,10.733395,ALS_250513,dFB,BH37,93.19356691556577,fully_stained,apc
113.83013,0.5140987692787038,,0.0,9.805803,ALS_250513,dFB,TT6,96.7153834563809,fully_stained,apc
96.887245,0.1142204454597373,,0.0,11.677467,ALS_250513,dFB,louise,93.98819108964037,fully_stained,apc
