filename,num_events,ssc_gate_events,live_gate_events,3sd_mfi,3sd_per_pos,8sd_mfi,8sd_per_pos,mfi,folder
fcs_files/ALS_250513_KOLF_regional_spec/Ctrls_FMO APCDD1.fcs,11264,10307,9376,111.54666,0.6079351535836177,292.73676,0.010665529010238909,13.396008,ALS_250513_KOLF_regional_spec
fcs_files/ALS_250513_KOLF_regional_spec/Ctrls_Fully unstained.fcs,5845,5229,5095,113.587204,0.7850834151128557,269.92365,0.03925417075564279,14.465322,ALS_250513_KOLF_regional_spec
fcs_files/ALS_250513_KOLF_regional_spec/Fully stained cVM_KL10.fcs,6015,5023,4623,2144.4504,99.28617780661908,2233.549,95.04650659744755,2129.5513,ALS_250513_KOLF_regional_spec
fcs_files/ALS_250513_KOLF_regional_spec/Fully stained cVM_KL11.fcs,5647,5115,4762,563.2469,84.16631667366653,725.04694,60.85678286434272,481.8927,ALS_250513_KOLF_regional_spec
fcs_files/ALS_250513_KOLF_regional_spec/Fully stained cVM_NKN134.fcs,11319,10110,9232,1455.4463,97.34618717504333,1622.2849,86.33015597920277,1418.3014,ALS_250513_KOLF_regional_spec
fcs_files/ALS_250513_KOLF_regional_spec/Fully stained dFB_BH35.fcs,5537,5143,4959,156.57881,0.5847953216374269,431.4078,0.08066142367412785,11.501248,ALS_250513_KOLF_regional_spec
fcs_files/ALS_250513_KOLF_regional_spec/Fully stained dFB_BH36.fcs,5581,5283,4999,142.53604,0.3800760152030406,291.1931,0.060012002400480095,9.737119,ALS_250513_KOLF_regional_spec
fcs_files/ALS_250513_KOLF_regional_spec/Fully stained dFB_BH37.fcs,11159,10446,9735,144.30608,0.6163328197226503,270.78687,0.12326656394453005,10.733395,ALS_250513_KOLF_regional_spec
fcs_files/ALS_250513_KOLF_regional_spec/Fully stained dFB_TT6.fcs,6980,6637,6419,113.83013,0.5140987692787038,,0.0,9.805803,ALS_250513_KOLF_regional_spec
fcs_files/ALS_250513_KOLF_regional_spec/Fully stained dFB_louise.fcs,5883,5589,5253,96.887245,0.1142204454597373,,0.0,11.677467,ALS_250513_KOLF_regional_spec
