ALCAM;47,6;45;67,2;96,7;day11;;;;;
APCDD1;5,2;98,7;53,4;16,8;day11;;;;;
CNTN2;44,7;25,8;25,3;59,5;day11;;;;;
CORIN;1;1,9;8,8;75,4;day11;;;;;
IAP;99,9;100;100;100;day11;;;;;
FOLR1;3,8;2,2;5,8;37,6;day11;;;;;
TPBG;2,2;40,3;36;98,9;day11;;;;;
LRTM1;0;0;0;0;day11;;;;;
ALCAM;74,1;95,7;93,5;;day16;;;;;
APCDD1;95,2;99,3;49,1;;day16;;;;;
CNTN2;79,2;83,9;79,4;;day16;;;;;
CORIN;40,9;47,5;96,2;;day16;;;;;
IAP;99,7;100;100;;day16;;;;;
FOLR1;13,5;8,9;23,9;;day16;;;;;
TPBG;5,8;95,6;63,2;;day16;;;;;
LRTM1;0;0,1;0,1;;day16;;;;;