Experiment Name,Specimen Name,Tube Name,Record Date,$OP,GUID,All Events #Events,All Events %Parent,Cells #Events,Cells %Parent,FSC singlets #Events,FSC singlets %Parent,Dying cells #Events,Dying cells %Parent,SSC singlets #Events,SSC singlets %Parent,Live #Events,Live %Parent,Dead #Events,Dead %Parent,apcdd1 pos #Events,apcdd1 pos %Parent,apcdd1 neg #Events,apcdd1 neg %Parent,P1 #Events,P1 %Parent,NOT(P1) #Events,NOT(P1) %Parent
ALS_250513_KOLF_regional_spec,Ctrls,FMO APCDD1,"May 13, 2025, 6:34:07 PM",reNEW ,22c8b602-9b03-4cec-929e-2a8e42d81a46 ,22054,,10459,47.4,10036,96.0,9604,43.5,9975,99.4,9359,93.8,157,1.6,0,0.0,9359,100.0,2,0.0,22052,100.0
ALS_250513_KOLF_regional_spec,Ctrls,FMO DAPI,"May 13, 2025, 6:36:48 PM",reNEW ,0bb16291-832f-425d-9aff-13db0c663a7f ,13806,,6626,48.0,6285,94.9,5807,42.1,6267,99.7,6173,98.5,55,0.9,1865,30.2,4264,69.1,2,0.0,13804,100.0
ALS_250513_KOLF_regional_spec,Ctrls,Fully unstained,"May 13, 2025, 6:39:25 PM",reNEW ,077086cd-54e1-4787-8aa9-4b42b9aa3a1e ,12318,,5378,43.7,5097,94.8,5132,41.7,5077,99.6,5021,98.9,2,0.0,0,0.0,5021,100.0,2,0.0,12316,100.0
ALS_250513_KOLF_regional_spec,Fully stained cVM,KL10,"May 13, 2025, 6:03:26 PM",reNEW ,c8275a70-89cc-49cd-b16d-ad9b0013bb86 ,12185,,5303,43.5,4912,92.6,4840,39.7,4888,99.5,4670,95.5,47,1.0,4336,92.8,292,6.3,4,0.0,12181,100.0
ALS_250513_KOLF_regional_spec,Fully stained cVM,KL11,"May 13, 2025, 6:07:38 PM",reNEW ,1b54bc98-3bfd-424c-a4df-b99576758222 ,8233,,5295,64.3,5022,94.8,2227,27.0,4998,99.5,4813,96.3,25,0.5,2516,52.3,2120,44.0,0,0.0,8233,100.0
ALS_250513_KOLF_regional_spec,Fully stained cVM,NKN134,"May 13, 2025, 6:11:52 PM",reNEW ,1f9c6c8f-00a4-4677-a857-7031515ea581 ,18397,,10546,57.3,9979,94.6,5910,32.1,9906,99.3,9412,95.0,63,0.6,7633,81.1,1568,16.7,2,0.0,18395,100.0
ALS_250513_KOLF_regional_spec,Fully stained dFB,BH35,"May 13, 2025, 6:17:21 PM",reNEW ,de58f831-7e5f-47d1-9089-f7e2f3f0924c ,12962,,5294,40.8,5050,95.4,7021,54.2,5034,99.7,4935,98.0,57,1.1,3,0.1,4932,99.9,0,0.0,12962,100.0
ALS_250513_KOLF_regional_spec,Fully stained dFB,BH36,"May 13, 2025, 6:20:01 PM",reNEW ,ad1bac90-12bc-4b75-800e-1a3908036b0a ,13519,,5201,38.5,5047,97.0,7156,52.9,5034,99.7,4909,97.5,80,1.6,1,0.0,4907,100.0,0,0.0,13519,100.0
ALS_250513_KOLF_regional_spec,Fully stained dFB,BH37,"May 13, 2025, 6:23:48 PM",reNEW ,eb562a3b-5064-462e-893c-d8a3f99d1097 ,25082,,10405,41.5,10056,96.6,12706,50.7,10017,99.6,9622,96.1,255,2.5,6,0.1,9616,99.9,0,0.0,25082,100.0
ALS_250513_KOLF_regional_spec,Fully stained dFB,TT6,"May 13, 2025, 6:27:06 PM",reNEW ,07d232a1-8983-4df5-9fbd-aa4e4a7f0f52 ,14430,,6649,46.1,6513,98.0,6537,45.3,6490,99.6,6372,98.2,69,1.1,2,0.0,6370,100.0,1,0.0,14429,100.0
ALS_250513_KOLF_regional_spec,Fully stained dFB,louise,"May 13, 2025, 6:29:48 PM",reNEW ,c375f82d-1e45-4190-b82d-24c98cd865f7 ,11790,,5507,46.7,5380,97.7,5172,43.9,5365,99.7,5145,95.9,94,1.8,0,0.0,5145,100.0,0,0.0,11790,100.0
ALS_250513_KOLF_regional_spec,Compensation Controls,Unstained Control,"May 13, 2025, 5:52:37 PM",reNEW ,308303df-dd74-4c31-88ad-f45601cf4be6 ,5000,,1026,20.5,925,90.2,3560,71.2,918,99.2,904,98.5,0,0.0,0,0.0,904,100.0,1,0.0,4999,100.0
ALS_250513_KOLF_regional_spec,Compensation Controls,DAPI Stained Control,"May 13, 2025, 5:55:41 PM",reNEW ,1215efd8-0424-458a-946b-4a88e3fb2592 ,5000,,2045,40.9,1955,95.6,2460,49.2,1939,99.2,1842,95.0,40,2.1,0,0.0,1842,100.0,0,0.0,5000,100.0
ALS_250513_KOLF_regional_spec,Compensation Controls,APC Stained Control,"May 13, 2025, 5:59:51 PM",reNEW ,f44a6992-bd2e-4a35-b7b0-8455b86c0b92 ,10000,,4498,45.0,4297,95.5,4483,44.8,4262,99.2,4219,99.0,2,0.0,1286,30.5,2894,68.6,1,0.0,9999,100.0
