antibody,region,dissoc,batch,culture_start,per_pos,date_analyzed,fluo
unstained,dFB,tryp,2,2020-05-13,0.0,2020-06-17,pe
unstained,vFB,tryp,2,2020-05-13,0.0,2020-06-17,pe
unstained,vHB,tryp,2,2020-05-13,0.0,2020-06-17,pe
ALCAM,dFB,tryp,2,2020-05-13,19.806,2020-06-17,pe
ALCAM,vFB,tryp,2,2020-05-13,4.048,2020-06-17,pe
ALCAM,cVM,tryp,2,2020-05-13,76.234,2020-06-17,pe
ALCAM,vHB,tryp,2,2020-05-13,0.222,2020-06-17,pe
APCDD1,dFB,tryp,2,2020-05-13,3.327,2020-06-17,pe
APCDD1,vFB,tryp,2,2020-05-13,0.029,2020-06-17,pe
APCDD1,vHB,tryp,2,2020-05-13,2.927,2020-06-17,pe
CNTN2,dFB,tryp,2,2020-05-13,47.206,2020-06-17,pe
CNTN2,vFB,tryp,2,2020-05-13,24.123,2020-06-17,pe
CNTN2,vHB,tryp,2,2020-05-13,34.382,2020-06-17,pe
CORIN,dFB,tryp,2,2020-05-13,0.0,2020-06-17,pe
CORIN,vFB,tryp,2,2020-05-13,0.025,2020-06-17,pe
CORIN,vHB,tryp,2,2020-05-13,0.09,2020-06-17,pe
unstained,vHB,acc,2,2020-05-13,0.0,2020-06-25,pe
ALCAM,vHB,acc,2,2020-05-13,0.142,2020-06-25,pe
APCDD1,vHB,acc,2,2020-05-13,3.048,2020-06-25,pe
CNTN2,vHB,acc,2,2020-05-13,95.295,2020-06-25,pe
CORIN,vHB,acc,2,2020-05-13,0.285,2020-06-25,pe
TPBG,vHB,acc,2,2020-05-13,0.088,2020-06-25,pe
LRTM1,vHB,acc,2,2020-05-13,0.08,2020-06-25,pe
unstained,vHB,acc,2,2020-05-13,0.026,2020-06-25,cy7
IAP,vHB,acc,2,2020-05-13,100.0,2020-06-25,pe_cy7
FOLR1,vHB,acc,2,2020-05-13,7.099,2020-06-25,pe
unstained,dFB,acc,2,2020-05-13,0.0,2020-06-26,pe
unstained,vFB,acc,2,2020-05-13,0.0,2020-06-26,pe
ALCAM,dFB,acc,2,2020-05-13,7.224,2020-06-26,pe
ALCAM,vFB,acc,2,2020-05-13,0.944,2020-06-26,pe
APCDD1,dFB,acc,2,2020-05-13,0.13,2020-06-26,pe
APCDD1,vFB,acc,2,2020-05-13,0.138,2020-06-26,pe
CNTN2,dFB,acc,2,2020-05-13,98.328,2020-06-26,pe
CNTN2,vFB,acc,2,2020-05-13,98.837,2020-06-26,pe
CORIN,dFB,acc,2,2020-05-13,0.01,2020-06-26,pe
CORIN,vFB,acc,2,2020-05-13,0.011,2020-06-26,pe
TPBG,dFB,acc,2,2020-05-13,0.036,2020-06-26,pe
TPBG,vFB,acc,2,2020-05-13,0.042,2020-06-26,pe
LRTM1,dFB,acc,2,2020-05-13,0.115,2020-06-26,pe
LRTM1,vFB,acc,2,2020-05-13,0.2,2020-06-26,pe
unstained,dFB,acc,2,2020-05-13,0.0,2020-06-26,cy7
unstained,vFB,acc,2,2020-05-13,0.0,2020-06-26,cy7
IAP,dFB,acc,2,2020-05-13,98.826,2020-06-26,pe_cy7
IAP,vFB,acc,2,2020-05-13,90.571,2020-06-26,pe_cy7
FOLR1,dFB,acc,2,2020-05-13,60.907,2020-06-26,pe
FOLR1,vFB,acc,2,2020-05-13,18.342,2020-06-26,pe
unstained,cVM,pap,2,2020-05-13,0.027,2020-06-27,pe
ALCAM,cVM,pap,2,2020-05-13,77.452,2020-06-27,pe
APCDD1,cVM,pap,2,2020-05-13,85.886,2020-06-27,pe
CNTN2,cVM,pap,2,2020-05-13,51.286,2020-06-27,pe
CORIN,cVM,pap,2,2020-05-13,0.669,2020-06-27,pe
TPBG,cVM,pap,2,2020-05-13,7.695,2020-06-27,pe
LRTM1,cVM,pap,2,2020-05-13,0.052,2020-06-27,pe
unstained,cVM,pap,2,2020-05-13,0.047,2020-06-27,cy7
IAP,cVM,pap,2,2020-05-13,100.0,2020-06-27,pe_cy7
FOLR1,cVM,pap,2,2020-05-13,8.279,2020-06-27,pe
unstained,dFB,pap,2,2020-05-13,0.0,2020-06-28,pe
unstained,vFB,pap,2,2020-05-13,0.018,2020-06-28,pe
unstained,vHB,pap,2,2020-05-13,0.019,2020-06-28,pe
ALCAM,dFB,pap,2,2020-05-13,26.09,2020-06-28,pe
ALCAM,vFB,pap,2,2020-05-13,7.599,2020-06-28,pe
ALCAM,vHB,pap,2,2020-05-13,0.521,2020-06-28,pe
APCDD1,dFB,pap,2,2020-05-13,0.031,2020-06-28,pe
APCDD1,vFB,pap,2,2020-05-13,0.049,2020-06-28,pe
APCDD1,vHB,pap,2,2020-05-13,0.654,2020-06-28,pe
CNTN2,dFB,pap,2,2020-05-13,95.778,2020-06-28,pe
CNTN2,vFB,pap,2,2020-05-13,83.605,2020-06-28,pe
CNTN2,vHB,pap,2,2020-05-13,51.8,2020-06-28,pe
CORIN,dFB,pap,2,2020-05-13,0.013,2020-06-28,pe
CORIN,vFB,pap,2,2020-05-13,0.0,2020-06-28,pe
CORIN,vHB,pap,2,2020-05-13,0.0,2020-06-28,pe
TPBG,dFB,pap,2,2020-05-13,0.012,2020-06-28,pe
TPBG,vFB,pap,2,2020-05-13,0.097,2020-06-28,pe
TPBG,vHB,pap,2,2020-05-13,0.391,2020-06-28,pe
LRTM1,dFB,pap,2,2020-05-13,0.057,2020-06-28,pe
LRTM1,vFB,pap,2,2020-05-13,0.07,2020-06-28,pe
LRTM1,vHB,pap,2,2020-05-13,0.043,2020-06-28,pe
unstained,dFB,pap,2,2020-05-13,0.01,2020-06-28,cy7
unstained,vFB,pap,2,2020-05-13,0.0,2020-06-28,cy7
unstained,vHB,pap,2,2020-05-13,0.0,2020-06-28,cy7
IAP,dFB,pap,2,2020-05-13,99.857,2020-06-28,pe_cy7
IAP,vFB,pap,2,2020-05-13,99.935,2020-06-28,pe_cy7
IAP,vHB,pap,2,2020-05-13,99.947,2020-06-28,pe_cy7
FOLR1,dFB,pap,2,2020-05-13,61.563,2020-06-28,pe
FOLR1,vFB,pap,2,2020-05-13,19.656,2020-06-28,pe
FOLR1,vHB,pap,2,2020-05-13,19.04,2020-06-28,pe
unstained,rVM,tryp,3,2020-06-08,0.0,2020-07-02,pe
unstained,cVM,tryp,3,2020-06-08,0.0,2020-07-02,pe
ALCAM,rVM,tryp,3,2020-06-08,91.514,2020-07-02,pe
ALCAM,cVM,tryp,3,2020-06-08,79.088,2020-07-02,pe
APCDD1,rVM,tryp,3,2020-06-08,60.684,2020-07-02,pe
APCDD1,cVM,tryp,3,2020-06-08,92.911,2020-07-02,pe
CNTN2,rVM,tryp,3,2020-06-08,67.934,2020-07-02,pe
CNTN2,cVM,tryp,3,2020-06-08,57.119,2020-07-02,pe
CORIN,rVM,tryp,3,2020-06-08,97.136,2020-07-02,pe
CORIN,cVM,tryp,3,2020-06-08,20.998,2020-07-02,pe
TPBG,rVM,tryp,3,2020-06-08,10.957,2020-07-02,pe
TPBG,cVM,tryp,3,2020-06-08,45.097,2020-07-02,pe
LRTM1,rVM,tryp,3,2020-06-08,0.107,2020-07-02,pe
LRTM1,cVM,tryp,3,2020-06-08,0.029,2020-07-02,pe
unstained,rVM,tryp,3,2020-06-08,0.0,2020-07-02,cy7
unstained,cVM,tryp,3,2020-06-08,0.0,2020-07-02,cy7
IAP,rVM,tryp,3,2020-06-08,100.0,2020-07-02,pe_cy7
IAP,cVM,tryp,3,2020-06-08,99.963,2020-07-02,pe_cy7
FOLR1,rVM,tryp,3,2020-06-08,11.054,2020-07-02,pe
FOLR1,cVM,tryp,3,2020-06-08,9.184,2020-07-02,pe
unstained,dFB,tryp,3,2020-06-08,0.0,2020-07-05,pe
unstained,vFB,tryp,3,2020-06-08,0.011,2020-07-05,pe
ALCAM,dFB,tryp,3,2020-06-08,8.968,2020-07-05,pe
ALCAM,vFB,tryp,3,2020-06-08,2.893,2020-07-05,pe
APCDD1,dFB,tryp,3,2020-06-08,0.899,2020-07-05,pe
APCDD1,vFB,tryp,3,2020-06-08,0.94,2020-07-05,pe
CNTN2,dFB,tryp,3,2020-06-08,98.401,2020-07-05,pe
CNTN2,vFB,tryp,3,2020-06-08,89.893,2020-07-05,pe
CORIN,dFB,tryp,3,2020-06-08,0.047,2020-07-05,pe
CORIN,vFB,tryp,3,2020-06-08,0.134,2020-07-05,pe
TPBG,dFB,tryp,3,2020-06-08,0.415,2020-07-05,pe
TPBG,vFB,tryp,3,2020-06-08,0.421,2020-07-05,pe
LRTM1,dFB,tryp,3,2020-06-08,0.097,2020-07-05,pe
LRTM1,vFB,tryp,3,2020-06-08,0.049,2020-07-05,pe
unstained,dFB,tryp,3,2020-06-08,0.0,2020-07-05,cy7
unstained,vFB,tryp,3,2020-06-08,0.0,2020-07-05,cy7
IAP,dFB,tryp,3,2020-06-08,98.531,2020-07-05,pe_cy7
IAP,vFB,tryp,3,2020-06-08,97.031,2020-07-05,pe_cy7
FOLR1,dFB,tryp,3,2020-06-08,30.229,2020-07-05,pe
FOLR1,vFB,tryp,3,2020-06-08,10.06,2020-07-05,pe
unstained,rVM,pap,1,2020-04-26,0.021,2020-07-06,pe
unstained,cVM,acc,1,2020-04-26,0.011,2020-07-06,pe
ALCAM,rVM,pap,1,2020-04-26,62.13,2020-07-06,pe
ALCAM,cVM,acc,1,2020-04-26,94.51,2020-07-06,pe
APCDD1,rVM,pap,1,2020-04-26,12.375,2020-07-06,pe
APCDD1,cVM,acc,1,2020-04-26,96.28,2020-07-06,pe
CNTN2,rVM,pap,1,2020-04-26,48.848,2020-07-06,pe
CNTN2,cVM,acc,1,2020-04-26,80.289,2020-07-06,pe
CORIN,rVM,pap,1,2020-04-26,9.451,2020-07-06,pe
CORIN,cVM,acc,1,2020-04-26,54.134,2020-07-06,pe
TPBG,rVM,pap,1,2020-04-26,27.104,2020-07-06,pe
TPBG,cVM,acc,1,2020-04-26,76.855,2020-07-06,pe
LRTM1,rVM,pap,1,2020-04-26,4.901,2020-07-06,pe
LRTM1,cVM,acc,1,2020-04-26,10.945,2020-07-06,pe
unstained,rVM,pap,1,2020-04-26,0.0,2020-07-06,cy7
unstained,cVM,acc,1,2020-04-26,0.0,2020-07-06,cy7
IAP,rVM,pap,1,2020-04-26,99.958,2020-07-06,pe_cy7
IAP,cVM,acc,1,2020-04-26,99.974,2020-07-06,pe_cy7
FOLR1,rVM,pap,1,2020-04-26,2.1,2020-07-06,pe
FOLR1,cVM,acc,1,2020-04-26,4.054,2020-07-06,pe
unstained,dFB,acc,1,2020-04-26,0.029,2020-07-20,pe
unstained,vFB,acc,1,2020-04-26,0.015,2020-07-20,pe
unstained,rVM,acc,1,2020-04-26,0.039,2020-07-20,pe
ALCAM,dFB,acc,1,2020-04-26,2.981,2020-07-20,pe
ALCAM,vFB,acc,1,2020-04-26,4.482,2020-07-20,pe
ALCAM,rVM,acc,1,2020-04-26,70.607,2020-07-20,pe
APCDD1,dFB,acc,1,2020-04-26,0.663,2020-07-20,pe
APCDD1,vFB,acc,1,2020-04-26,2.593,2020-07-20,pe
APCDD1,rVM,acc,1,2020-04-26,82.268,2020-07-20,pe
CNTN2,dFB,acc,1,2020-04-26,99.752,2020-07-20,pe
CNTN2,vFB,acc,1,2020-04-26,99.511,2020-07-20,pe
CNTN2,rVM,acc,1,2020-04-26,79.87,2020-07-20,pe
CORIN,dFB,acc,1,2020-04-26,0.011,2020-07-20,pe
CORIN,vFB,acc,1,2020-04-26,1.276,2020-07-20,pe
CORIN,rVM,acc,1,2020-04-26,75.577,2020-07-20,pe
TPBG,dFB,acc,1,2020-04-26,0.252,2020-07-20,pe
TPBG,vFB,acc,1,2020-04-26,0.217,2020-07-20,pe
TPBG,rVM,acc,1,2020-04-26,22.647,2020-07-20,pe
LRTM1,dFB,acc,1,2020-04-26,0.294,2020-07-20,pe
LRTM1,vFB,acc,1,2020-04-26,1.394,2020-07-20,pe
LRTM1,rVM,acc,1,2020-04-26,0.765,2020-07-20,pe
unstained,dFB,acc,1,2020-04-26,0.035,2020-07-20,cy7
unstained,vFB,acc,1,2020-04-26,0.021,2020-07-20,cy7
unstained,rVM,acc,1,2020-04-26,0.022,2020-07-20,cy7
IAP,dFB,acc,1,2020-04-26,99.298,2020-07-20,pe_cy7
IAP,vFB,acc,1,2020-04-26,94.935,2020-07-20,pe_cy7
IAP,rVM,acc,1,2020-04-26,100.0,2020-07-20,pe_cy7
FOLR1,dFB,acc,1,2020-04-26,20.367,2020-07-20,pe
FOLR1,vFB,acc,1,2020-04-26,10.426,2020-07-20,pe
FOLR1,rVM,acc,1,2020-04-26,2.875,2020-07-20,pe
unstained,dFB,pap,1,2020-04-26,0.011,2020-07-29,pe
unstained,vFB,pap,1,2020-04-26,0.021,2020-07-29,pe
unstained,vHB,acc,1,2020-04-26,0.0,2020-07-29,pe
ALCAM,dFB,pap,1,2020-04-26,1.785,2020-07-29,pe
ALCAM,vFB,pap,1,2020-04-26,2.41,2020-07-29,pe
ALCAM,vHB,acc,1,2020-04-26,10.522,2020-07-29,pe
APCDD1,dFB,pap,1,2020-04-26,0.047,2020-07-29,pe
APCDD1,vFB,pap,1,2020-04-26,0.214,2020-07-29,pe
APCDD1,vHB,acc,1,2020-04-26,24.905,2020-07-29,pe
CNTN2,dFB,pap,1,2020-04-26,70.635,2020-07-29,pe
CNTN2,vFB,pap,1,2020-04-26,82.814,2020-07-29,pe
CNTN2,vHB,acc,1,2020-04-26,80.777,2020-07-29,pe
CORIN,dFB,pap,1,2020-04-26,0.012,2020-07-29,pe
CORIN,vFB,pap,1,2020-04-26,0.053,2020-07-29,pe
CORIN,vHB,acc,1,2020-04-26,11.14,2020-07-29,pe
TPBG,dFB,pap,1,2020-04-26,0.079,2020-07-29,pe
TPBG,vFB,pap,1,2020-04-26,0.179,2020-07-29,pe
TPBG,vHB,acc,1,2020-04-26,0.172,2020-07-29,pe
LRTM1,dFB,pap,1,2020-04-26,0.059,2020-07-29,pe
LRTM1,vFB,pap,1,2020-04-26,0.054,2020-07-29,pe
LRTM1,vHB,acc,1,2020-04-26,0.024,2020-07-29,pe
unstained,dFB,pap,1,2020-04-26,0.011,2020-07-29,cy7
unstained,vFB,pap,1,2020-04-26,0.0,2020-07-29,cy7
unstained,vHB,acc,1,2020-04-26,0.0,2020-07-29,cy7
IAP,dFB,pap,1,2020-04-26,99.967,2020-07-29,pe_cy7
IAP,vFB,pap,1,2020-04-26,99.61,2020-07-29,pe_cy7
IAP,vHB,acc,1,2020-04-26,99.034,2020-07-29,pe_cy7
FOLR1,dFB,pap,1,2020-04-26,31.683,2020-07-29,pe
FOLR1,vFB,pap,1,2020-04-26,13.251,2020-07-29,pe
FOLR1,vHB,acc,1,2020-04-26,1.603,2020-07-29,pe
unstained,rVM,pap,3,2020-06-08,0.031,2020-07-30,pe
unstained,cVM,pap,3,2020-06-08,0.014,2020-07-30,pe
unstained,vHB,pap,1,2020-04-26,0.0,2020-07-30,pe
ALCAM,rVM,pap,3,2020-06-08,90.387,2020-07-30,pe
ALCAM,cVM,pap,3,2020-06-08,72.98,2020-07-30,pe
ALCAM,vHB,pap,1,2020-04-26,3.376,2020-07-30,pe
APCDD1,rVM,pap,3,2020-06-08,5.248,2020-07-30,pe
APCDD1,cVM,pap,3,2020-06-08,52.083,2020-07-30,pe
APCDD1,vHB,pap,1,2020-04-26,0.166,2020-07-30,pe
CNTN2,rVM,pap,3,2020-06-08,36.927,2020-07-30,pe
CNTN2,cVM,pap,3,2020-06-08,22.551,2020-07-30,pe
CNTN2,vHB,pap,1,2020-04-26,14.428,2020-07-30,pe
CORIN,rVM,pap,3,2020-06-08,30.837,2020-07-30,pe
CORIN,cVM,pap,3,2020-06-08,0.06,2020-07-30,pe
CORIN,vHB,pap,1,2020-04-26,0.0,2020-07-30,pe
TPBG,rVM,pap,3,2020-06-08,6.811,2020-07-30,pe
TPBG,cVM,pap,3,2020-06-08,43.437,2020-07-30,pe
TPBG,vHB,pap,1,2020-04-26,0.058,2020-07-30,pe
LRTM1,rVM,pap,3,2020-06-08,0.024,2020-07-30,pe
LRTM1,cVM,pap,3,2020-06-08,0.016,2020-07-30,pe
LRTM1,vHB,pap,1,2020-04-26,0.035,2020-07-30,pe
unstained,rVM,pap,3,2020-06-08,0.0,2020-07-30,cy7
unstained,cVM,pap,3,2020-06-08,0.0,2020-07-30,cy7
unstained,vHB,pap,1,2020-04-26,0.0,2020-07-30,cy7
IAP,rVM,pap,3,2020-06-08,99.731,2020-07-30,pe_cy7
IAP,cVM,pap,3,2020-06-08,99.756,2020-07-30,pe_cy7
IAP,vHB,pap,1,2020-04-26,99.885,2020-07-30,pe_cy7
FOLR1,rVM,pap,3,2020-06-08,9.835,2020-07-30,pe
FOLR1,cVM,pap,3,2020-06-08,9.374,2020-07-30,pe
FOLR1,vHB,pap,1,2020-04-26,2.036,2020-07-30,pe
unstained,dFB,acc,3,2020-06-08,0.013,2020-09-11,pe
unstained,vFB,acc,3,2020-06-08,0.023,2020-09-11,pe
ALCAM,dFB,acc,3,2020-06-08,4.852,2020-09-11,pe
ALCAM,vFB,acc,3,2020-06-08,1.33,2020-09-11,pe
APCDD1,dFB,acc,3,2020-06-08,0.419,2020-09-11,pe
APCDD1,vFB,acc,3,2020-06-08,0.937,2020-09-11,pe
CNTN2,dFB,acc,3,2020-06-08,99.43,2020-09-11,pe
CNTN2,vFB,acc,3,2020-06-08,99.153,2020-09-11,pe
CORIN,dFB,acc,3,2020-06-08,0.028,2020-09-11,pe
CORIN,vFB,acc,3,2020-06-08,0.236,2020-09-11,pe
TPBG,dFB,acc,3,2020-06-08,0.043,2020-09-11,pe
TPBG,vFB,acc,3,2020-06-08,0.139,2020-09-11,pe
LRTM1,dFB,acc,3,2020-06-08,0.158,2020-09-11,pe
LRTM1,vFB,acc,3,2020-06-08,0.17,2020-09-11,pe
unstained,dFB,acc,3,2020-06-08,0.0,2020-09-11,cy7
unstained,vFB,acc,3,2020-06-08,0.0,2020-09-11,cy7
IAP,dFB,acc,3,2020-06-08,99.449,2020-09-11,pe_cy7
IAP,vFB,acc,3,2020-06-08,97.534,2020-09-11,pe_cy7
FOLR1,dFB,acc,3,2020-06-08,19.161,2020-09-11,pe
FOLR1,vFB,acc,3,2020-06-08,8.14,2020-09-11,pe
unstained,dFB,pap,3,2020-06-08,0.011,2021-03-03,pe
unstained,rVM,acc,3,2020-06-08,0.104,2021-03-03,pe
unstained,cVM,acc,3,2020-06-08,0.016,2021-03-03,pe
ALCAM,dFB,pap,3,2020-06-08,8.837,2021-03-03,pe
ALCAM,rVM,acc,3,2020-06-08,90.8,2021-03-03,pe
ALCAM,cVM,acc,3,2020-06-08,78.379,2021-03-03,pe
APCDD1,dFB,pap,3,2020-06-08,0.038,2021-03-03,pe
APCDD1,rVM,acc,3,2020-06-08,45.6,2021-03-03,pe
APCDD1,cVM,acc,3,2020-06-08,94.164,2021-03-03,pe
CNTN2,dFB,pap,3,2020-06-08,40.555,2021-03-03,pe
CNTN2,rVM,acc,3,2020-06-08,45.6,2021-03-03,pe
CNTN2,cVM,acc,3,2020-06-08,82.309,2021-03-03,pe
CORIN,dFB,pap,3,2020-06-08,0.185,2021-03-03,pe
CORIN,rVM,acc,3,2020-06-08,91.8,2021-03-03,pe
CORIN,cVM,acc,3,2020-06-08,36.208,2021-03-03,pe
LRTM1,dFB,pap,3,2020-06-08,0.011,2021-03-03,af488
LRTM1,rVM,acc,3,2020-06-08,0.065,2021-03-03,af488
LRTM1,cVM,acc,3,2020-06-08,0.118,2021-03-03,af488
unstained,dFB,pap,3,2020-06-08,0.017,2021-03-03,cy7
unstained,rVM,acc,3,2020-06-08,0.0,2021-03-03,cy7
unstained,cVM,acc,3,2020-06-08,0.0,2021-03-03,cy7
IAP,dFB,pap,3,2020-06-08,96.876,2021-03-03,pe_cy7
IAP,rVM,acc,3,2020-06-08,100.0,2021-03-03,pe_cy7
IAP,cVM,acc,3,2020-06-08,99.759,2021-03-03,pe_cy7
FOLR1,dFB,pap,3,2020-06-08,21.425,2021-03-03,pe
FOLR1,rVM,acc,3,2020-06-08,12.932,2021-03-03,pe
FOLR1,cVM,acc,3,2020-06-08,10.222,2021-03-03,pe
unstained,rVM,acc,6,2020-09-07,0.0,2021-03-10,pe
ALCAM,rVM,acc,6,2020-09-07,97.5,2021-03-10,pe
APCDD1,rVM,acc,6,2020-09-07,42.9,2021-03-10,pe
CNTN2,rVM,acc,6,2020-09-07,81.8,2021-03-10,pe
CORIN,rVM,acc,6,2020-09-07,98.8,2021-03-10,pe
TPBG,rVM,acc,6,2020-09-07,45.9,2021-03-10,pe
unstained,rVM,acc,6,2020-09-07,0.0,2021-03-10,af488
LRTM1,rVM,acc,6,2020-09-07,0.3,2021-03-10,af488
unstained,rVM,acc,6,2020-09-07,0.0,2021-03-10,cy7
IAP,rVM,acc,6,2020-09-07,100.0,2021-03-10,pe_cy7
FOLR1,rVM,acc,6,2020-09-07,21.8,2021-03-10,pe
unstained,cVM,acc,5,2020-08-17,0.0,2021-03-11,pe
ALCAM,cVM,acc,5,2020-08-17,95.732,2021-03-11,pe
APCDD1,cVM,acc,5,2020-08-17,99.308,2021-03-11,pe
CNTN2,cVM,acc,5,2020-08-17,83.855,2021-03-11,pe
CORIN,cVM,acc,5,2020-08-17,47.494,2021-03-11,pe
TPBG,cVM,acc,5,2020-08-17,95.613,2021-03-11,pe
unstained,cVM,acc,5,2020-08-17,0.045,2021-03-11,af488
LRTM1,cVM,acc,5,2020-08-17,0.135,2021-03-11,af488
unstained,cVM,acc,5,2020-08-17,0.0,2021-03-11,cy7
IAP,cVM,acc,5,2020-08-17,100.0,2021-03-11,pe_cy7
FOLR1,cVM,acc,5,2020-08-17,8.906,2021-03-11,pe
unstained,dFB,acc,4,2020-06-23,0.012,2021-03-17,pe
unstained,vFB,acc,4,2020-06-23,0.0,2021-03-17,pe
unstained,dMB_2,acc,4,2020-06-23,0.0,2021-03-17,pe
unstained,vHB,acc,4,2020-06-23,0.0,2021-03-17,pe
ALCAM,dFB,acc,4,2020-06-23,33.768,2021-03-17,pe
ALCAM,vFB,acc,4,2020-06-23,12.817,2021-03-17,pe
ALCAM,dMB_2,acc,4,2020-06-23,16.444,2021-03-17,pe
ALCAM,vHB,acc,4,2020-06-23,4.595,2021-03-17,pe
APCDD1,dFB,acc,4,2020-06-23,1.791,2021-03-17,pe
APCDD1,vFB,acc,4,2020-06-23,0.612,2021-03-17,pe
APCDD1,dMB_2,acc,4,2020-06-23,44.653,2021-03-17,pe
APCDD1,vHB,acc,4,2020-06-23,1.463,2021-03-17,pe
CNTN2,dFB,acc,4,2020-06-23,99.008,2021-03-17,pe
CNTN2,vFB,acc,4,2020-06-23,99.089,2021-03-17,pe
CNTN2,dMB_2,acc,4,2020-06-23,91.45,2021-03-17,pe
CNTN2,vHB,acc,4,2020-06-23,96.034,2021-03-17,pe
CORIN,dFB,acc,4,2020-06-23,1.524,2021-03-17,pe
CORIN,vFB,acc,4,2020-06-23,0.691,2021-03-17,pe
CORIN,dMB_2,acc,4,2020-06-23,0.898,2021-03-17,pe
CORIN,vHB,acc,4,2020-06-23,0.81,2021-03-17,pe
TPBG,dFB,acc,4,2020-06-23,1.08,2021-03-17,pe
TPBG,vFB,acc,4,2020-06-23,0.304,2021-03-17,pe
TPBG,dMB_2,acc,4,2020-06-23,32.48,2021-03-17,pe
TPBG,vHB,acc,4,2020-06-23,0.272,2021-03-17,pe
unstained,dFB,acc,4,2020-06-23,0.0,2021-03-17,af488
unstained,vFB,acc,4,2020-06-23,0.0,2021-03-17,af488
unstained,dMB_2,acc,4,2020-06-23,0.025,2021-03-17,af488
unstained,vHB,acc,4,2020-06-23,0.012,2021-03-17,af488
LRTM1,dFB,acc,4,2020-06-23,0.603,2021-03-17,af488
LRTM1,vFB,acc,4,2020-06-23,0.75,2021-03-17,af488
LRTM1,dMB_2,acc,4,2020-06-23,0.17,2021-03-17,af488
LRTM1,vHB,acc,4,2020-06-23,0.197,2021-03-17,af488
unstained,dFB,acc,4,2020-06-23,0.0,2021-03-17,cy7
unstained,vFB,acc,4,2020-06-23,0.0,2021-03-17,cy7
unstained,dMB_2,acc,4,2020-06-23,0.035,2021-03-17,cy7
unstained,vHB,acc,4,2020-06-23,0.012,2021-03-17,cy7
IAP,dFB,acc,4,2020-06-23,99.797,2021-03-17,pe_cy7
IAP,vFB,acc,4,2020-06-23,98.877,2021-03-17,pe_cy7
IAP,dMB_2,acc,4,2020-06-23,99.51,2021-03-17,pe_cy7
IAP,vHB,acc,4,2020-06-23,100.0,2021-03-17,pe_cy7
FOLR1,dFB,acc,4,2020-06-23,65.679,2021-03-17,pe
FOLR1,vFB,acc,4,2020-06-23,5.75,2021-03-17,pe
FOLR1,dMB_2,acc,4,2020-06-23,12.856,2021-03-17,pe
FOLR1,vHB,acc,4,2020-06-23,2.502,2021-03-17,pe
unstained,vFB,pap,3,2020-06-08,0.032,2021-03-17,pe
unstained,dHB,acc,3,2020-06-08,0.034,2021-03-17,pe
ALCAM,vFB,pap,3,2020-06-08,4.785,2021-03-17,pe
ALCAM,dHB,acc,3,2020-06-08,1.948,2021-03-17,pe
APCDD1,vFB,pap,3,2020-06-08,0.12,2021-03-17,pe
APCDD1,dHB,acc,3,2020-06-08,8.763,2021-03-17,pe
CNTN2,vFB,pap,3,2020-06-08,60.053,2021-03-17,pe
CNTN2,dHB,acc,3,2020-06-08,98.227,2021-03-17,pe
CORIN,vFB,pap,3,2020-06-08,0.533,2021-03-17,pe
CORIN,dHB,acc,3,2020-06-08,1.511,2021-03-17,pe
TPBG,vFB,pap,3,2020-06-08,0.175,2021-03-17,pe
TPBG,dHB,acc,3,2020-06-08,0.428,2021-03-17,pe
unstained,vFB,pap,3,2020-06-08,0.011,2021-03-17,af488
unstained,dHB,acc,3,2020-06-08,0.08,2021-03-17,af488
LRTM1,vFB,pap,3,2020-06-08,0.042,2021-03-17,af488
LRTM1,dHB,acc,3,2020-06-08,0.502,2021-03-17,af488
unstained,vFB,pap,3,2020-06-08,0.0,2021-03-17,cy7
unstained,dHB,acc,3,2020-06-08,0.033,2021-03-17,cy7
IAP,vFB,pap,3,2020-06-08,99.989,2021-03-17,pe_cy7
IAP,dHB,acc,3,2020-06-08,99.662,2021-03-17,pe_cy7
FOLR1,vFB,pap,3,2020-06-08,8.489,2021-03-17,pe
FOLR1,dHB,acc,3,2020-06-08,9.797,2021-03-17,pe
unstained,dFB,pap,4,2020-06-23,0.0,2021-03-18,pe
unstained,vFB,pap,4,2020-06-23,0.0,2021-03-18,pe
unstained,dMB_2,pap,4,2020-06-23,0.0,2021-03-18,pe
unstained,vHB,pap,4,2020-06-23,0.0,2021-03-18,pe
ALCAM,dFB,pap,4,2020-06-23,34.049,2021-03-18,pe
ALCAM,vFB,pap,4,2020-06-23,18.536,2021-03-18,pe
ALCAM,dMB_2,pap,4,2020-06-23,15.663,2021-03-18,pe
ALCAM,vHB,pap,4,2020-06-23,4.295,2021-03-18,pe
APCDD1,dFB,pap,4,2020-06-23,0.155,2021-03-18,pe
APCDD1,vFB,pap,4,2020-06-23,0.132,2021-03-18,pe
APCDD1,dMB_2,pap,4,2020-06-23,15.856,2021-03-18,pe
APCDD1,vHB,pap,4,2020-06-23,0.127,2021-03-18,pe
CNTN2,dFB,pap,4,2020-06-23,88.79,2021-03-18,pe
CNTN2,vFB,pap,4,2020-06-23,84.872,2021-03-18,pe
CNTN2,dMB_2,pap,4,2020-06-23,19.786,2021-03-18,pe
CNTN2,vHB,pap,4,2020-06-23,75.351,2021-03-18,pe
CORIN,dFB,pap,4,2020-06-23,0.262,2021-03-18,pe
CORIN,vFB,pap,4,2020-06-23,0.445,2021-03-18,pe
CORIN,dMB_2,pap,4,2020-06-23,0.158,2021-03-18,pe
CORIN,vHB,pap,4,2020-06-23,0.597,2021-03-18,pe
TPBG,dFB,pap,4,2020-06-23,6.822,2021-03-18,pe
TPBG,vFB,pap,4,2020-06-23,0.242,2021-03-18,pe
TPBG,dMB_2,pap,4,2020-06-23,41.864,2021-03-18,pe
TPBG,vHB,pap,4,2020-06-23,0.647,2021-03-18,pe
unstained,dFB,pap,4,2020-06-23,0.044,2021-03-18,af488
unstained,vFB,pap,4,2020-06-23,0.0,2021-03-18,af488
unstained,dMB_2,pap,4,2020-06-23,0.011,2021-03-18,af488
unstained,vHB,pap,4,2020-06-23,0.0,2021-03-18,af488
LRTM1,dFB,pap,4,2020-06-23,0.021,2021-03-18,af488
LRTM1,vFB,pap,4,2020-06-23,0.011,2021-03-18,af488
LRTM1,dMB_2,pap,4,2020-06-23,0.0,2021-03-18,af488
LRTM1,vHB,pap,4,2020-06-23,0.0,2021-03-18,af488
unstained,dFB,pap,4,2020-06-23,0.0,2021-03-18,cy7
unstained,vFB,pap,4,2020-06-23,0.023,2021-03-18,cy7
unstained,dMB_2,pap,4,2020-06-23,0.0,2021-03-18,cy7
unstained,vHB,pap,4,2020-06-23,0.0,2021-03-18,cy7
IAP,dFB,pap,4,2020-06-23,99.989,2021-03-18,pe_cy7
IAP,vFB,pap,4,2020-06-23,99.966,2021-03-18,pe_cy7
IAP,dMB_2,pap,4,2020-06-23,99.989,2021-03-18,pe_cy7
IAP,vHB,pap,4,2020-06-23,100.0,2021-03-18,pe_cy7
FOLR1,dFB,pap,4,2020-06-23,67.478,2021-03-18,pe
FOLR1,vFB,pap,4,2020-06-23,6.9,2021-03-18,pe
FOLR1,dMB_2,pap,4,2020-06-23,9.297,2021-03-18,pe
FOLR1,vHB,pap,4,2020-06-23,2.52,2021-03-18,pe
unstained,dFB,tryp,4,2020-06-23,0.0,2021-03-18,pe
unstained,vFB,tryp,4,2020-06-23,0.0,2021-03-18,pe
unstained,dMB_2,tryp,4,2020-06-23,0.014,2021-03-18,pe
unstained,vHB,tryp,4,2020-06-23,0.0,2021-03-18,pe
ALCAM,dFB,tryp,4,2020-06-23,47.207,2021-03-18,pe
ALCAM,vFB,tryp,4,2020-06-23,23.188,2021-03-18,pe
ALCAM,dMB_2,tryp,4,2020-06-23,26.553,2021-03-18,pe
ALCAM,vHB,tryp,4,2020-06-23,7.851,2021-03-18,pe
APCDD1,dFB,tryp,4,2020-06-23,0.579,2021-03-18,pe
APCDD1,vFB,tryp,4,2020-06-23,0.609,2021-03-18,pe
APCDD1,dMB_2,tryp,4,2020-06-23,34.808,2021-03-18,pe
APCDD1,vHB,tryp,4,2020-06-23,2.182,2021-03-18,pe
CNTN2,dFB,tryp,4,2020-06-23,96.441,2021-03-18,pe
CNTN2,vFB,tryp,4,2020-06-23,95.939,2021-03-18,pe
CNTN2,dMB_2,tryp,4,2020-06-23,41.948,2021-03-18,pe
CNTN2,vHB,tryp,4,2020-06-23,88.856,2021-03-18,pe
CORIN,dFB,tryp,4,2020-06-23,2.177,2021-03-18,pe
CORIN,vFB,tryp,4,2020-06-23,0.208,2021-03-18,pe
CORIN,dMB_2,tryp,4,2020-06-23,0.651,2021-03-18,pe
CORIN,vHB,tryp,4,2020-06-23,0.904,2021-03-18,pe
TPBG,dFB,tryp,4,2020-06-23,1.554,2021-03-18,pe
TPBG,vFB,tryp,4,2020-06-23,0.214,2021-03-18,pe
TPBG,dMB_2,tryp,4,2020-06-23,43.605,2021-03-18,pe
TPBG,vHB,tryp,4,2020-06-23,0.375,2021-03-18,pe
unstained,dFB,tryp,4,2020-06-23,0.0,2021-03-18,af488
unstained,vFB,tryp,4,2020-06-23,0.0,2021-03-18,af488
unstained,dMB_2,tryp,4,2020-06-23,0.012,2021-03-18,af488
unstained,vHB,tryp,4,2020-06-23,0.034,2021-03-18,af488
LRTM1,dFB,tryp,4,2020-06-23,0.19,2021-03-18,af488
LRTM1,vFB,tryp,4,2020-06-23,0.064,2021-03-18,af488
LRTM1,dMB_2,tryp,4,2020-06-23,0.0,2021-03-18,af488
LRTM1,vHB,tryp,4,2020-06-23,1.286,2021-03-18,af488
unstained,dFB,tryp,4,2020-06-23,0.0,2021-03-18,cy7
unstained,vFB,tryp,4,2020-06-23,0.0,2021-03-18,cy7
unstained,dMB_2,tryp,4,2020-06-23,0.0,2021-03-18,cy7
unstained,vHB,tryp,4,2020-06-23,0.0,2021-03-18,cy7
IAP,dFB,tryp,4,2020-06-23,99.955,2021-03-18,pe_cy7
IAP,vFB,tryp,4,2020-06-23,99.956,2021-03-18,pe_cy7
IAP,dMB_2,tryp,4,2020-06-23,99.944,2021-03-18,pe_cy7
IAP,vHB,tryp,4,2020-06-23,100.0,2021-03-18,pe_cy7
FOLR1,dFB,tryp,4,2020-06-23,76.242,2021-03-18,pe
FOLR1,vFB,tryp,4,2020-06-23,8.386,2021-03-18,pe
FOLR1,dMB_2,tryp,4,2020-06-23,11.221,2021-03-18,pe
FOLR1,vHB,tryp,4,2020-06-23,4.135,2021-03-18,pe
unstained,dFB,tryp,5,2020-08-17,0.0,2021-03-31,pe
unstained,vFB,tryp,5,2020-08-17,0.04,2021-03-31,pe
unstained,dMB_2,tryp,5,2020-08-17,0.023,2021-03-31,pe
unstained,dHB,tryp,5,2020-08-17,0.036,2021-03-31,pe
unstained,vHB,tryp,5,2020-08-17,0.0,2021-03-31,pe
ALCAM,dFB,tryp,5,2020-08-17,23.108,2021-03-31,pe
ALCAM,vFB,tryp,5,2020-08-17,14.175,2021-03-31,pe
ALCAM,dMB_2,tryp,5,2020-08-17,22.164,2021-03-31,pe
ALCAM,dHB,tryp,5,2020-08-17,11.289,2021-03-31,pe
ALCAM,vHB,tryp,5,2020-08-17,18.079,2021-03-31,pe
APCDD1,dFB,tryp,5,2020-08-17,1.395,2021-03-31,pe
APCDD1,vFB,tryp,5,2020-08-17,2.705,2021-03-31,pe
APCDD1,dMB_2,tryp,5,2020-08-17,18.886,2021-03-31,pe
APCDD1,dHB,tryp,5,2020-08-17,2.434,2021-03-31,pe
APCDD1,vHB,tryp,5,2020-08-17,2.881,2021-03-31,pe
CNTN2,dFB,tryp,5,2020-08-17,73.58,2021-03-31,pe
CNTN2,vFB,tryp,5,2020-08-17,53.674,2021-03-31,pe
CNTN2,dMB_2,tryp,5,2020-08-17,26.441,2021-03-31,pe
CNTN2,dHB,tryp,5,2020-08-17,59.932,2021-03-31,pe
CNTN2,vHB,tryp,5,2020-08-17,58.201,2021-03-31,pe
CORIN,dFB,tryp,5,2020-08-17,0.57,2021-03-31,pe
CORIN,vFB,tryp,5,2020-08-17,3.625,2021-03-31,pe
CORIN,dMB_2,tryp,5,2020-08-17,0.913,2021-03-31,pe
CORIN,dHB,tryp,5,2020-08-17,3.028,2021-03-31,pe
CORIN,vHB,tryp,5,2020-08-17,1.76,2021-03-31,pe
TPBG,dFB,tryp,5,2020-08-17,0.168,2021-03-31,pe
TPBG,vFB,tryp,5,2020-08-17,0.249,2021-03-31,pe
TPBG,dMB_2,tryp,5,2020-08-17,24.892,2021-03-31,pe
TPBG,dHB,tryp,5,2020-08-17,0.08,2021-03-31,pe
TPBG,vHB,tryp,5,2020-08-17,0.303,2021-03-31,pe
unstained,dFB,tryp,5,2020-08-17,0.018,2021-03-31,af488
unstained,vFB,tryp,5,2020-08-17,0.03,2021-03-31,af488
unstained,dMB_2,tryp,5,2020-08-17,0.0,2021-03-31,af488
unstained,dHB,tryp,5,2020-08-17,0.038,2021-03-31,af488
unstained,vHB,tryp,5,2020-08-17,0.0,2021-03-31,af488
LRTM1,dFB,tryp,5,2020-08-17,2.407,2021-03-31,af488
LRTM1,vFB,tryp,5,2020-08-17,0.852,2021-03-31,af488
LRTM1,dMB_2,tryp,5,2020-08-17,0.094,2021-03-31,af488
LRTM1,dHB,tryp,5,2020-08-17,0.669,2021-03-31,af488
LRTM1,vHB,tryp,5,2020-08-17,0.403,2021-03-31,af488
unstained,dFB,tryp,5,2020-08-17,0.067,2021-03-31,cy7
unstained,vFB,tryp,5,2020-08-17,0.0,2021-03-31,cy7
unstained,dMB_2,tryp,5,2020-08-17,0.046,2021-03-31,cy7
unstained,dHB,tryp,5,2020-08-17,0.0,2021-03-31,cy7
unstained,vHB,tryp,5,2020-08-17,0.0,2021-03-31,cy7
IAP,dFB,tryp,5,2020-08-17,99.855,2021-03-31,pe_cy7
IAP,vFB,tryp,5,2020-08-17,99.896,2021-03-31,pe_cy7
IAP,dMB_2,tryp,5,2020-08-17,99.96,2021-03-31,pe_cy7
IAP,dHB,tryp,5,2020-08-17,99.986,2021-03-31,pe_cy7
IAP,vHB,tryp,5,2020-08-17,99.557,2021-03-31,pe_cy7
FOLR1,dFB,tryp,5,2020-08-17,11.776,2021-03-31,pe
FOLR1,vFB,tryp,5,2020-08-17,7.67,2021-03-31,pe
FOLR1,dMB_2,tryp,5,2020-08-17,9.395,2021-03-31,pe
FOLR1,dHB,tryp,5,2020-08-17,2.686,2021-03-31,pe
FOLR1,vHB,tryp,5,2020-08-17,3.343,2021-03-31,pe
unstained,dFB,tryp,6,2020-09-07,0.0,2021-04-23,pe
unstained,vFB,tryp,6,2020-09-07,0.013,2021-04-23,pe
unstained,dMB_2,tryp,6,2020-09-07,0.0,2021-04-23,pe
unstained,rVM,tryp,6,2020-09-07,0.0,2021-04-23,pe
unstained,dHB,tryp,6,2020-09-07,0.0,2021-04-23,pe
unstained,vHB,tryp,6,2020-09-07,0.0,2021-04-23,pe
ALCAM,dFB,tryp,6,2020-09-07,17.064,2021-04-23,pe
ALCAM,vFB,tryp,6,2020-09-07,15.815,2021-04-23,pe
ALCAM,dMB_2,tryp,6,2020-09-07,14.524,2021-04-23,pe
ALCAM,rVM,tryp,6,2020-09-07,84.332,2021-04-23,pe
ALCAM,dHB,tryp,6,2020-09-07,4.371,2021-04-23,pe
ALCAM,vHB,tryp,6,2020-09-07,3.208,2021-04-23,pe
APCDD1,dFB,tryp,6,2020-09-07,0.4,2021-04-23,pe
APCDD1,vFB,tryp,6,2020-09-07,1.35,2021-04-23,pe
APCDD1,dMB_2,tryp,6,2020-09-07,5.664,2021-04-23,pe
APCDD1,rVM,tryp,6,2020-09-07,73.211,2021-04-23,pe
APCDD1,dHB,tryp,6,2020-09-07,3.404,2021-04-23,pe
APCDD1,vHB,tryp,6,2020-09-07,1.721,2021-04-23,pe
CNTN2,dFB,tryp,6,2020-09-07,80.267,2021-04-23,pe
CNTN2,vFB,tryp,6,2020-09-07,59.741,2021-04-23,pe
CNTN2,dMB_2,tryp,6,2020-09-07,56.986,2021-04-23,pe
CNTN2,rVM,tryp,6,2020-09-07,83.682,2021-04-23,pe
CNTN2,dHB,tryp,6,2020-09-07,65.356,2021-04-23,pe
CNTN2,vHB,tryp,6,2020-09-07,72.029,2021-04-23,pe
CORIN,dFB,tryp,6,2020-09-07,0.393,2021-04-23,pe
CORIN,vFB,tryp,6,2020-09-07,2.858,2021-04-23,pe
CORIN,dMB_2,tryp,6,2020-09-07,5.651,2021-04-23,pe
CORIN,rVM,tryp,6,2020-09-07,97.134,2021-04-23,pe
CORIN,dHB,tryp,6,2020-09-07,2.529,2021-04-23,pe
CORIN,vHB,tryp,6,2020-09-07,2.611,2021-04-23,pe
TPBG,dFB,tryp,6,2020-09-07,0.024,2021-04-23,pe
TPBG,vFB,tryp,6,2020-09-07,0.176,2021-04-23,pe
TPBG,dMB_2,tryp,6,2020-09-07,7.878,2021-04-23,pe
TPBG,rVM,tryp,6,2020-09-07,50.073,2021-04-23,pe
TPBG,dHB,tryp,6,2020-09-07,0.21,2021-04-23,pe
TPBG,vHB,tryp,6,2020-09-07,0.077,2021-04-23,pe
unstained,dFB,tryp,6,2020-09-07,0.0,2021-04-23,af488
unstained,vFB,tryp,6,2020-09-07,0.012,2021-04-23,af488
unstained,dMB_2,tryp,6,2020-09-07,0.0,2021-04-23,af488
unstained,rVM,tryp,6,2020-09-07,0.045,2021-04-23,af488
unstained,dHB,tryp,6,2020-09-07,0.0,2021-04-23,af488
unstained,vHB,tryp,6,2020-09-07,0.0,2021-04-23,af488
LRTM1,dFB,tryp,6,2020-09-07,0.211,2021-04-23,af488
LRTM1,vFB,tryp,6,2020-09-07,0.098,2021-04-23,af488
LRTM1,dMB_2,tryp,6,2020-09-07,0.0,2021-04-23,af488
LRTM1,rVM,tryp,6,2020-09-07,0.125,2021-04-23,af488
LRTM1,dHB,tryp,6,2020-09-07,0.839,2021-04-23,af488
LRTM1,vHB,tryp,6,2020-09-07,0.157,2021-04-23,af488
unstained,dFB,tryp,6,2020-09-07,0.045,2021-04-23,cy7
unstained,vFB,tryp,6,2020-09-07,0.021,2021-04-23,cy7
unstained,dMB_2,tryp,6,2020-09-07,0.0,2021-04-23,cy7
unstained,rVM,tryp,6,2020-09-07,0.022,2021-04-23,cy7
unstained,dHB,tryp,6,2020-09-07,0.0,2021-04-23,cy7
IAP,vHB,tryp,6,2020-09-07,98.649,2021-04-23,pe_cy7
IAP,dFB,tryp,6,2020-09-07,99.447,2021-04-23,pe_cy7
IAP,vFB,tryp,6,2020-09-07,99.462,2021-04-23,pe_cy7
IAP,dMB_2,tryp,6,2020-09-07,99.92,2021-04-23,pe_cy7
IAP,rVM,tryp,6,2020-09-07,99.961,2021-04-23,pe_cy7
IAP,dHB,tryp,6,2020-09-07,99.988,2021-04-23,pe_cy7
FOLR1,vHB,tryp,6,2020-09-07,5.477,2021-04-23,pe
FOLR1,dFB,tryp,6,2020-09-07,12.937,2021-04-23,pe
FOLR1,vFB,tryp,6,2020-09-07,3.073,2021-04-23,pe
FOLR1,dMB_2,tryp,6,2020-09-07,11.009,2021-04-23,pe
FOLR1,rVM,tryp,6,2020-09-07,23.874,2021-04-23,pe
FOLR1,dHB,tryp,6,2020-09-07,4.291,2021-04-23,pe
unstained,dMB_2,acc,8,2020-09-28,0.013,2021-04-24,pe
ALCAM,dMB_2,acc,8,2020-09-28,18.28,2021-04-24,pe
APCDD1,dMB_2,acc,8,2020-09-28,13.6,2021-04-24,pe
CNTN2,dMB_2,acc,8,2020-09-28,93.919,2021-04-24,pe
CORIN,dMB_2,acc,8,2020-09-28,9.348,2021-04-24,pe
TPBG,dMB_2,acc,8,2020-09-28,7.971,2021-04-24,pe
unstained,dMB_2,acc,8,2020-09-28,0.0,2021-04-24,af488
LRTM1,dMB_2,acc,8,2020-09-28,0.076,2021-04-24,af488
unstained,dMB_2,acc,8,2020-09-28,0.0,2021-04-24,cy7
IAP,dMB_2,acc,8,2020-09-28,99.974,2021-04-24,pe_cy7
FOLR1,dMB_2,acc,8,2020-09-28,5.704,2021-04-24,pe
unstained,dMB_2,pap,8,2020-09-28,0.011,2021-04-24,pe
ALCAM,dMB_2,pap,8,2020-09-28,14.84,2021-04-24,pe
APCDD1,dMB_2,pap,8,2020-09-28,4.195,2021-04-24,pe
CNTN2,dMB_2,pap,8,2020-09-28,29.015,2021-04-24,pe
CORIN,dMB_2,pap,8,2020-09-28,1.239,2021-04-24,pe
TPBG,dMB_2,pap,8,2020-09-28,11.71,2021-04-24,pe
unstained,dMB_2,pap,8,2020-09-28,0.012,2021-04-24,af488
LRTM1,dMB_2,pap,8,2020-09-28,0.022,2021-04-24,af488
unstained,dMB_2,pap,8,2020-09-28,0.0,2021-04-24,cy7
IAP,dMB_2,pap,8,2020-09-28,99.944,2021-04-24,pe_cy7
FOLR1,dMB_2,pap,8,2020-09-28,2.338,2021-04-24,pe
unstained,dMB_2,acc,5,2020-08-17,0.017,2021-04-24,pe
ALCAM,dMB_2,acc,5,2020-08-17,13.571,2021-04-24,pe
APCDD1,dMB_2,acc,5,2020-08-17,13.993,2021-04-24,pe
CNTN2,dMB_2,acc,5,2020-08-17,95.66,2021-04-24,pe
CORIN,dMB_2,acc,5,2020-08-17,2.244,2021-04-24,pe
TPBG,dMB_2,acc,5,2020-08-17,13.847,2021-04-24,pe
unstained,dMB_2,acc,5,2020-08-17,0.037,2021-04-24,af488
LRTM1,dMB_2,acc,5,2020-08-17,0.298,2021-04-24,af488
unstained,dMB_2,acc,5,2020-08-17,0.0,2021-04-24,cy7
IAP,dMB_2,acc,5,2020-08-17,99.834,2021-04-24,pe_cy7
FOLR1,dMB_2,acc,5,2020-08-17,15.899,2021-04-24,pe
unstained,dMB_2,pap,5,2020-08-17,0.0,2021-04-24,pe
ALCAM,dMB_2,pap,5,2020-08-17,16.558,2021-04-24,pe
APCDD1,dMB_2,pap,5,2020-08-17,3.529,2021-04-24,pe
CNTN2,dMB_2,pap,5,2020-08-17,19.204,2021-04-24,pe
CORIN,dMB_2,pap,5,2020-08-17,0.323,2021-04-24,pe
TPBG,dMB_2,pap,5,2020-08-17,19.652,2021-04-24,pe
unstained,dMB_2,pap,5,2020-08-17,0.014,2021-04-24,af488
LRTM1,dMB_2,pap,5,2020-08-17,0.098,2021-04-24,af488
unstained,dMB_2,pap,5,2020-08-17,0.0,2021-04-24,cy7
IAP,dMB_2,pap,5,2020-08-17,100.0,2021-04-24,pe_cy7
FOLR1,dMB_2,pap,5,2020-08-17,12.518,2021-04-24,pe
unstained,dMB_2,acc,7,2020-09-14,0.0,2021-04-24,pe
ALCAM,dMB_2,acc,7,2020-09-14,32.639,2021-04-24,pe
APCDD1,dMB_2,acc,7,2020-09-14,55.173,2021-04-24,pe
CNTN2,dMB_2,acc,7,2020-09-14,91.957,2021-04-24,pe
CORIN,dMB_2,acc,7,2020-09-14,10.606,2021-04-24,pe
TPBG,dMB_2,acc,7,2020-09-14,37.528,2021-04-24,pe
unstained,dMB_2,acc,7,2020-09-14,0.0,2021-04-24,af488
LRTM1,dMB_2,acc,7,2020-09-14,0.109,2021-04-24,af488
unstained,dMB_2,acc,7,2020-09-14,0.0,2021-04-24,cy7
IAP,dMB_2,acc,7,2020-09-14,99.989,2021-04-24,pe_cy7
FOLR1,dMB_2,acc,7,2020-09-14,14.988,2021-04-24,pe
unstained,dMB_2,tryp,7,2020-09-14,0.022,2021-04-24,pe
ALCAM,dMB_2,tryp,7,2020-09-14,26.199,2021-04-24,pe
APCDD1,dMB_2,tryp,7,2020-09-14,43.167,2021-04-24,pe
CNTN2,dMB_2,tryp,7,2020-09-14,59.235,2021-04-24,pe
CORIN,dMB_2,tryp,7,2020-09-14,10.109,2021-04-24,pe
TPBG,dMB_2,tryp,7,2020-09-14,35.725,2021-04-24,pe
unstained,dMB_2,tryp,7,2020-09-14,0.011,2021-04-24,af488
LRTM1,dMB_2,tryp,7,2020-09-14,0.012,2021-04-24,af488
unstained,dMB_2,tryp,7,2020-09-14,0.0,2021-04-24,cy7
IAP,dMB_2,tryp,7,2020-09-14,100.0,2021-04-24,pe_cy7
FOLR1,dMB_2,tryp,7,2020-09-14,16.113,2021-04-24,pe
unstained,dMB_2,pap,7,2020-09-14,0.0,2021-04-24,pe
ALCAM,dMB_2,pap,7,2020-09-14,27.559,2021-04-24,pe
APCDD1,dMB_2,pap,7,2020-09-14,27.751,2021-04-24,pe
CNTN2,dMB_2,pap,7,2020-09-14,40.966,2021-04-24,pe
CORIN,dMB_2,pap,7,2020-09-14,1.255,2021-04-24,pe
TPBG,dMB_2,pap,7,2020-09-14,39.508,2021-04-24,pe
unstained,dMB_2,pap,7,2020-09-14,0.0,2021-04-24,af488
LRTM1,dMB_2,pap,7,2020-09-14,0.011,2021-04-24,af488
unstained,dMB_2,pap,7,2020-09-14,0.0,2021-04-24,cy7
IAP,dMB_2,pap,7,2020-09-14,100.0,2021-04-24,pe_cy7
FOLR1,dMB_2,pap,7,2020-09-14,12.056,2021-04-24,pe
unstained,dHB,tryp,8,2020-09-28,0.0,2021-04-26,pe
ALCAM,dHB,tryp,8,2020-09-28,1.59,2021-04-26,pe
APCDD1,dHB,tryp,8,2020-09-28,6.779,2021-04-26,pe
CNTN2,dHB,tryp,8,2020-09-28,82.252,2021-04-26,pe
CORIN,dHB,tryp,8,2020-09-28,3.329,2021-04-26,pe
TPBG,dHB,tryp,8,2020-09-28,0.071,2021-04-26,pe
unstained,dHB,tryp,8,2020-09-28,0.0,2021-04-26,af488
LRTM1,dHB,tryp,8,2020-09-28,1.436,2021-04-26,af488
unstained,dHB,tryp,8,2020-09-28,0.0,2021-04-26,cy7
IAP,dHB,tryp,8,2020-09-28,99.962,2021-04-26,pe_cy7
FOLR1,dHB,tryp,8,2020-09-28,9.75,2021-04-26,pe
unstained,dHB,pap,8,2020-09-28,0.013,2021-04-26,pe
ALCAM,dHB,pap,8,2020-09-28,0.942,2021-04-26,pe
APCDD1,dHB,pap,8,2020-09-28,1.312,2021-04-26,pe
CNTN2,dHB,pap,8,2020-09-28,52.624,2021-04-26,pe
CORIN,dHB,pap,8,2020-09-28,1.655,2021-04-26,pe
TPBG,dHB,pap,8,2020-09-28,0.368,2021-04-26,pe
unstained,dHB,pap,8,2020-09-28,0.025,2021-04-26,af488
LRTM1,dHB,pap,8,2020-09-28,0.337,2021-04-26,af488
unstained,dHB,pap,8,2020-09-28,0.023,2021-04-26,cy7
IAP,dHB,pap,8,2020-09-28,99.965,2021-04-26,pe_cy7
FOLR1,dHB,pap,8,2020-09-28,6.28,2021-04-26,pe
unstained,dHB,acc,7,2020-09-14,0.014,2021-04-26,pe
unstained,vHB,acc,7,2020-09-14,0.0,2021-04-26,pe
ALCAM,dHB,acc,7,2020-09-14,2.355,2021-04-26,pe
ALCAM,vHB,acc,7,2020-09-14,25.986,2021-04-26,pe
APCDD1,dHB,acc,7,2020-09-14,5.85,2021-04-26,pe
APCDD1,vHB,acc,7,2020-09-14,21.208,2021-04-26,pe
CNTN2,dHB,acc,7,2020-09-14,98.445,2021-04-26,pe
CNTN2,vHB,acc,7,2020-09-14,85.399,2021-04-26,pe
CORIN,dHB,acc,7,2020-09-14,2.679,2021-04-26,pe
CORIN,vHB,acc,7,2020-09-14,0.011,2021-04-26,pe
TPBG,dHB,acc,7,2020-09-14,0.108,2021-04-26,pe
TPBG,vHB,acc,7,2020-09-14,0.145,2021-04-26,pe
unstained,dHB,acc,7,2020-09-14,0.0,2021-04-26,af488
unstained,vHB,acc,7,2020-09-14,0.0,2021-04-26,af488
LRTM1,dHB,acc,7,2020-09-14,2.097,2021-04-26,af488
LRTM1,vHB,acc,7,2020-09-14,1.244,2021-04-26,af488
unstained,dHB,acc,7,2020-09-14,0.0,2021-04-26,cy7
unstained,vHB,acc,7,2020-09-14,0.0,2021-04-26,cy7
IAP,dHB,acc,7,2020-09-14,99.972,2021-04-26,pe_cy7
IAP,vHB,acc,7,2020-09-14,99.989,2021-04-26,pe_cy7
FOLR1,dHB,acc,7,2020-09-14,5.24,2021-04-26,pe
FOLR1,vHB,acc,7,2020-09-14,16.389,2021-04-26,pe
unstained,dHB,tryp,7,2020-09-14,0.013,2021-04-26,pe
unstained,vHB,tryp,7,2020-09-14,0.0,2021-04-26,pe
ALCAM,dHB,tryp,7,2020-09-14,1.114,2021-04-26,pe
ALCAM,vHB,tryp,7,2020-09-14,33.549,2021-04-26,pe
APCDD1,dHB,tryp,7,2020-09-14,4.82,2021-04-26,pe
APCDD1,vHB,tryp,7,2020-09-14,13.729,2021-04-26,pe
CNTN2,dHB,tryp,7,2020-09-14,92.122,2021-04-26,pe
CNTN2,vHB,tryp,7,2020-09-14,74.345,2021-04-26,pe
CORIN,dHB,tryp,7,2020-09-14,3.449,2021-04-26,pe
CORIN,vHB,tryp,7,2020-09-14,38.513,2021-04-26,pe
TPBG,dHB,tryp,7,2020-09-14,0.192,2021-04-26,pe
TPBG,vHB,tryp,7,2020-09-14,0.331,2021-04-26,pe
unstained,dHB,tryp,7,2020-09-14,0.0,2021-04-26,af488
unstained,vHB,tryp,7,2020-09-14,0.012,2021-04-26,af488
LRTM1,dHB,tryp,7,2020-09-14,2.149,2021-04-26,af488
LRTM1,vHB,tryp,7,2020-09-14,0.184,2021-04-26,af488
unstained,dHB,tryp,7,2020-09-14,0.024,2021-04-26,cy7
unstained,vHB,tryp,7,2020-09-14,0.0,2021-04-26,cy7
IAP,dHB,tryp,7,2020-09-14,99.988,2021-04-26,pe_cy7
IAP,vHB,tryp,7,2020-09-14,99.988,2021-04-26,pe_cy7
FOLR1,dHB,tryp,7,2020-09-14,5.959,2021-04-26,pe
FOLR1,vHB,tryp,7,2020-09-14,19.378,2021-04-26,pe
unstained,dHB,pap,7,2020-09-14,0.014,2021-04-26,pe
unstained,vHB,pap,7,2020-09-14,0.011,2021-04-26,pe
ALCAM,dHB,pap,7,2020-09-14,3.812,2021-04-26,pe
ALCAM,vHB,pap,7,2020-09-14,37.54,2021-04-26,pe
APCDD1,dHB,pap,7,2020-09-14,1.165,2021-04-26,pe
APCDD1,vHB,pap,7,2020-09-14,1.745,2021-04-26,pe
CNTN2,dHB,pap,7,2020-09-14,65.633,2021-04-26,pe
CNTN2,vHB,pap,7,2020-09-14,33.032,2021-04-26,pe
CORIN,dHB,pap,7,2020-09-14,2.575,2021-04-26,pe
CORIN,vHB,pap,7,2020-09-14,4.117,2021-04-26,pe
TPBG,dHB,pap,7,2020-09-14,0.553,2021-04-26,pe
TPBG,vHB,pap,7,2020-09-14,1.788,2021-04-26,pe
unstained,dHB,pap,7,2020-09-14,0.0,2021-04-26,af488
unstained,vHB,pap,7,2020-09-14,0.011,2021-04-26,af488
LRTM1,dHB,pap,7,2020-09-14,0.33,2021-04-26,af488
LRTM1,vHB,pap,7,2020-09-14,0.181,2021-04-26,af488
unstained,dHB,pap,7,2020-09-14,0.0,2021-04-26,cy7
unstained,vHB,pap,7,2020-09-14,0.0,2021-04-26,cy7
IAP,dHB,pap,7,2020-09-14,99.987,2021-04-26,pe_cy7
IAP,vHB,pap,7,2020-09-14,99.946,2021-04-26,pe_cy7
FOLR1,dHB,pap,7,2020-09-14,5.697,2021-04-26,pe
FOLR1,vHB,pap,7,2020-09-14,17.149,2021-04-26,pe
unstained,cVM,tryp,5,2020-08-17,0.0,2021-04-28,pe
ALCAM,cVM,tryp,5,2020-08-17,83.719,2021-04-28,pe
APCDD1,cVM,tryp,5,2020-08-17,97.444,2021-04-28,pe
CNTN2,cVM,tryp,5,2020-08-17,55.163,2021-04-28,pe
CORIN,cVM,tryp,5,2020-08-17,12.418,2021-04-28,pe
TPBG,cVM,tryp,5,2020-08-17,94.294,2021-04-28,pe
unstained,cVM,tryp,5,2020-08-17,0.013,2021-04-28,af488
LRTM1,cVM,tryp,5,2020-08-17,0.135,2021-04-28,af488
unstained,cVM,tryp,5,2020-08-17,0.023,2021-04-28,cy7
IAP,cVM,tryp,5,2020-08-17,100.0,2021-04-28,pe_cy7
FOLR1,cVM,tryp,5,2020-08-17,6.517,2021-04-28,pe
unstained,cVM,pap,5,2020-08-17,0.0,2021-04-28,pe
ALCAM,cVM,pap,5,2020-08-17,71.752,2021-04-28,pe
APCDD1,cVM,pap,5,2020-08-17,49.928,2021-04-28,pe
CNTN2,cVM,pap,5,2020-08-17,37.28,2021-04-28,pe
CORIN,cVM,pap,5,2020-08-17,0.896,2021-04-28,pe
TPBG,cVM,pap,5,2020-08-17,94.452,2021-04-28,pe
unstained,cVM,pap,5,2020-08-17,0.012,2021-04-28,af488
LRTM1,cVM,pap,5,2020-08-17,0.011,2021-04-28,af488
unstained,cVM,pap,5,2020-08-17,0.011,2021-04-28,cy7
IAP,cVM,pap,5,2020-08-17,99.989,2021-04-28,pe_cy7
FOLR1,cVM,pap,5,2020-08-17,3.433,2021-04-28,pe
unstained,rVM,tryp,4,2020-06-23,0.011,2021-04-28,pe
unstained,cVM,tryp,4,2020-06-23,0.0,2021-04-28,pe
ALCAM,rVM,tryp,4,2020-06-23,74.084,2021-04-28,pe
ALCAM,cVM,tryp,4,2020-06-23,43.036,2021-04-28,pe
APCDD1,rVM,tryp,4,2020-06-23,44.961,2021-04-28,pe
APCDD1,cVM,tryp,4,2020-06-23,88.044,2021-04-28,pe
CNTN2,rVM,tryp,4,2020-06-23,91.768,2021-04-28,pe
CNTN2,cVM,tryp,4,2020-06-23,49.339,2021-04-28,pe
CORIN,rVM,tryp,4,2020-06-23,90.303,2021-04-28,pe
CORIN,cVM,tryp,4,2020-06-23,5.825,2021-04-28,pe
TPBG,rVM,tryp,4,2020-06-23,15.822,2021-04-28,pe
TPBG,cVM,tryp,4,2020-06-23,53.78,2021-04-28,pe
unstained,rVM,tryp,4,2020-06-23,0.024,2021-04-28,af488
unstained,cVM,tryp,4,2020-06-23,0.0,2021-04-28,af488
LRTM1,rVM,tryp,4,2020-06-23,0.509,2021-04-28,af488
LRTM1,cVM,tryp,4,2020-06-23,0.142,2021-04-28,af488
unstained,rVM,tryp,4,2020-06-23,0.0,2021-04-28,cy7
unstained,cVM,tryp,4,2020-06-23,0.0,2021-04-28,cy7
IAP,rVM,tryp,4,2020-06-23,99.866,2021-04-28,pe_cy7
IAP,cVM,tryp,4,2020-06-23,99.882,2021-04-28,pe_cy7
FOLR1,rVM,tryp,4,2020-06-23,7.207,2021-04-28,pe
FOLR1,cVM,tryp,4,2020-06-23,3.376,2021-04-28,pe
unstained,rVM,pap,4,2020-06-23,0.021,2021-04-28,pe
unstained,cVM,pap,4,2020-06-23,0.01,2021-04-28,pe
ALCAM,rVM,pap,4,2020-06-23,72.505,2021-04-28,pe
ALCAM,cVM,pap,4,2020-06-23,38.119,2021-04-28,pe
APCDD1,rVM,pap,4,2020-06-23,8.849,2021-04-28,pe
APCDD1,cVM,pap,4,2020-06-23,61.946,2021-04-28,pe
CNTN2,rVM,pap,4,2020-06-23,57.009,2021-04-28,pe
CORIN,rVM,pap,4,2020-06-23,55.422,2021-04-28,pe
CORIN,cVM,pap,4,2020-06-23,0.269,2021-04-28,pe
TPBG,rVM,pap,4,2020-06-23,13.613,2021-04-28,pe
TPBG,cVM,pap,4,2020-06-23,46.581,2021-04-28,pe
unstained,rVM,pap,4,2020-06-23,0.033,2021-04-28,af488
unstained,cVM,pap,4,2020-06-23,0.0,2021-04-28,af488
LRTM1,rVM,pap,4,2020-06-23,0.077,2021-04-28,af488
LRTM1,cVM,pap,4,2020-06-23,0.043,2021-04-28,af488
unstained,rVM,pap,4,2020-06-23,0.0,2021-04-28,cy7
unstained,cVM,pap,4,2020-06-23,0.01,2021-04-28,cy7
IAP,rVM,pap,4,2020-06-23,99.902,2021-04-28,pe_cy7
IAP,cVM,pap,4,2020-06-23,99.906,2021-04-28,pe_cy7
FOLR1,rVM,pap,4,2020-06-23,6.598,2021-04-28,pe
FOLR1,cVM,pap,4,2020-06-23,3.002,2021-04-28,pe
unstained,dHB,acc,6,2020-09-07,0.0,2021-04-29,pe
ALCAM,dHB,acc,6,2020-09-07,1.17,2021-04-29,pe
APCDD1,dHB,acc,6,2020-09-07,7.317,2021-04-29,pe
CNTN2,dHB,acc,6,2020-09-07,88.225,2021-04-29,pe
CORIN,dHB,acc,6,2020-09-07,4.828,2021-04-29,pe
TPBG,dHB,acc,6,2020-09-07,0.142,2021-04-29,pe
unstained,dHB,acc,6,2020-09-07,0.0,2021-04-29,af488
LRTM1,dHB,acc,6,2020-09-07,1.321,2021-04-29,af488
unstained,dHB,acc,6,2020-09-07,0.0,2021-04-29,cy7
IAP,dHB,acc,6,2020-09-07,99.683,2021-04-29,pe_cy7
FOLR1,dHB,acc,6,2020-09-07,2.408,2021-04-29,pe
unstained,dHB,pap,6,2020-09-07,0.0,2021-04-29,pe
ALCAM,dHB,pap,6,2020-09-07,1.434,2021-04-29,pe
APCDD1,dHB,pap,6,2020-09-07,0.972,2021-04-29,pe
CNTN2,dHB,pap,6,2020-09-07,50.985,2021-04-29,pe
CORIN,dHB,pap,6,2020-09-07,1.193,2021-04-29,pe
TPBG,dHB,pap,6,2020-09-07,0.293,2021-04-29,pe
unstained,dHB,pap,6,2020-09-07,0.0,2021-04-29,af488
LRTM1,dHB,pap,6,2020-09-07,0.071,2021-04-29,af488
unstained,dHB,pap,6,2020-09-07,0.0,2021-04-29,cy7
IAP,dHB,pap,6,2020-09-07,100.0,2021-04-29,pe_cy7
FOLR1,dHB,pap,6,2020-09-07,2.487,2021-04-29,pe
unstained,dHB,acc,5,2020-08-17,0.0,2021-04-29,pe
ALCAM,dHB,acc,5,2020-08-17,0.691,2021-04-29,pe
APCDD1,dHB,acc,5,2020-08-17,1.213,2021-04-29,pe
CNTN2,dHB,acc,5,2020-08-17,94.513,2021-04-29,pe
CORIN,dHB,acc,5,2020-08-17,3.051,2021-04-29,pe
TPBG,dHB,acc,5,2020-08-17,0.124,2021-04-29,pe
unstained,dHB,acc,5,2020-08-17,0.024,2021-04-29,af488
LRTM1,dHB,acc,5,2020-08-17,4.628,2021-04-29,af488
unstained,dHB,acc,5,2020-08-17,0.0,2021-04-29,cy7
IAP,dHB,acc,5,2020-08-17,100.0,2021-04-29,pe_cy7
FOLR1,dHB,acc,5,2020-08-17,2.863,2021-04-29,pe
unstained,dHB,pap,5,2020-08-17,0.042,2021-04-29,pe
ALCAM,dHB,pap,5,2020-08-17,0.603,2021-04-29,pe
APCDD1,dHB,pap,5,2020-08-17,0.056,2021-04-29,pe
CNTN2,dHB,pap,5,2020-08-17,21.099,2021-04-29,pe
CORIN,dHB,pap,5,2020-08-17,0.781,2021-04-29,pe
TPBG,dHB,pap,5,2020-08-17,0.086,2021-04-29,pe
unstained,dHB,pap,5,2020-08-17,0.014,2021-04-29,af488
LRTM1,dHB,pap,5,2020-08-17,0.155,2021-04-29,af488
unstained,dHB,pap,5,2020-08-17,0.0,2021-04-29,cy7
IAP,dHB,pap,5,2020-08-17,100.0,2021-04-29,pe_cy7
FOLR1,dHB,pap,5,2020-08-17,1.625,2021-04-29,pe
APCDD1,cVM,acc,3,2020-06-08,73.7,2021-02-17,pe
CORIN,cVM,acc,3,2020-06-08,35.6,2021-02-17,pe
TPBG,cVM,acc,3,2020-06-08,45.2,2021-02-17,pe
APCDD1,rVM,acc,3,2020-06-08,5.28,2021-02-17,pe
CORIN,rVM,acc,3,2020-06-08,91.1,2021-02-17,pe
TPBG,rVM,acc,3,2020-06-08,10.9,2021-02-17,pe
APCDD1,cVM,acc,5,2020-08-17,82.4,2021-03-08,pe
CORIN,cVM,acc,5,2020-08-17,22.3,2021-03-08,pe
TPBG,cVM,acc,5,2020-08-17,79.2,2021-03-08,pe
APCDD1,cVM,acc,5,2020-08-17,93.1,2021-03-11,pe
CORIN,cVM,acc,5,2020-08-17,37.2,2021-03-11,pe
TPBG,cVM,acc,5,2020-08-17,96.7,2021-03-11,pe
APCDD1,rVM,acc,6,2020-09-07,23.8,2021-03-09,pe
CORIN,rVM,acc,6,2020-09-07,95.2,2021-03-09,pe
TPBG,rVM,acc,6,2020-09-07,94.7,2021-03-09,pe
APCDD1,rVM,acc,6,2020-09-07,20.6,2021-03-10,pe
CORIN,rVM,acc,6,2020-09-07,94.5,2021-03-10,pe
TPBG,rVM,acc,6,2020-09-07,97.7,2021-03-10,pe
APCDD1,cVM,acc,4,2020-06-23,82.3,2022-05-10,pe
CORIN,cVM,acc,4,2020-06-23,57.3,2022-05-10,pe
TPBG,cVM,acc,4,2020-06-23,49.4,2022-05-10,pe
APCDD1,cVM,tryp,4,2020-06-23,79.8,2022-05-10,pe
CORIN,cVM,tryp,4,2020-06-23,55.7,2022-05-10,pe
TPBG,cVM,tryp,4,2020-06-23,50.5,2022-05-10,pe
APCDD1,rVM,acc,9,2021-05-19,34.6,2022-05-10,pe
CORIN,rVM,acc,9,2021-05-19,94.6,2022-05-10,pe
TPBG,rVM,acc,9,2021-05-19,19.4,2022-05-10,pe
APCDD1,rVM,acc,10,2021-05-20,33.6,2022-05-10,pe
CORIN,rVM,acc,10,2021-05-20,93.7,2022-05-10,pe
TPBG,rVM,acc,10,2021-05-20,20.6,2022-05-10,pe
